-- phpMyAdmin SQL Dump
-- version 5.1.1
-- https://www.phpmyadmin.net/
--
-- Hôte : 127.0.0.1:3306
-- Généré le : mar. 23 avr. 2024 à 18:59
-- Version du serveur : 8.0.27
-- Version de PHP : 7.4.26

SET SQL_MODE = "NO_AUTO_VALUE_ON_ZERO";
START TRANSACTION;
SET time_zone = "+00:00";


/*!40101 SET @OLD_CHARACTER_SET_CLIENT=@@CHARACTER_SET_CLIENT */;
/*!40101 SET @OLD_CHARACTER_SET_RESULTS=@@CHARACTER_SET_RESULTS */;
/*!40101 SET @OLD_COLLATION_CONNECTION=@@COLLATION_CONNECTION */;
/*!40101 SET NAMES utf8mb4 */;

--
-- Base de données : `projet1`
--

-- --------------------------------------------------------

--
-- Structure de la table `doctrine_migration_versions`
--

DROP TABLE IF EXISTS `doctrine_migration_versions`;
CREATE TABLE IF NOT EXISTS `doctrine_migration_versions` (
  `version` varchar(191) COLLATE utf8_unicode_ci NOT NULL,
  `executed_at` datetime DEFAULT NULL,
  `execution_time` int DEFAULT NULL,
  PRIMARY KEY (`version`)
) ENGINE=InnoDB DEFAULT CHARSET=utf8mb3 COLLATE=utf8_unicode_ci;

--
-- Déchargement des données de la table `doctrine_migration_versions`
--

INSERT INTO `doctrine_migration_versions` (`version`, `executed_at`, `execution_time`) VALUES
('DoctrineMigrations\\Version20221008170344', '2022-10-08 17:04:20', 255),
('DoctrineMigrations\\Version20221008171054', '2022-10-08 17:11:02', 105),
('DoctrineMigrations\\Version20221010172210', '2022-10-10 17:22:17', 77),
('DoctrineMigrations\\Version20221012142605', '2022-10-12 14:26:15', 204),
('DoctrineMigrations\\Version20221012143024', '2022-10-12 14:30:32', 137),
('DoctrineMigrations\\Version20221022163920', '2022-10-22 16:39:28', 339),
('DoctrineMigrations\\Version20221023105825', '2022-10-23 10:59:54', 695),
('DoctrineMigrations\\Version20221023110723', '2022-10-23 11:07:28', 123),
('DoctrineMigrations\\Version20221023110916', '2022-10-23 11:09:24', 342),
('DoctrineMigrations\\Version20221023111320', '2022-10-23 11:13:29', 115),
('DoctrineMigrations\\Version20221023114324', '2022-10-23 11:43:36', 102),
('DoctrineMigrations\\Version20221024163857', '2022-10-24 16:39:07', 93),
('DoctrineMigrations\\Version20221025152157', '2022-10-25 15:22:06', 100),
('DoctrineMigrations\\Version20221027151851', '2022-10-27 15:19:02', 124),
('DoctrineMigrations\\Version20221101144626', '2022-11-01 14:46:34', 69),
('DoctrineMigrations\\Version20221101152235', '2022-11-01 15:22:50', 148),
('DoctrineMigrations\\Version20221117170852', '2022-11-17 17:09:00', 137),
('DoctrineMigrations\\Version20221120115121', '2022-11-20 11:51:33', 556),
('DoctrineMigrations\\Version20221120141711', '2022-11-20 14:17:18', 178),
('DoctrineMigrations\\Version20221120141859', '2022-11-20 14:25:28', 214),
('DoctrineMigrations\\Version20221213163336', '2022-12-13 16:33:44', 151),
('DoctrineMigrations\\Version20221218160200', '2022-12-18 16:02:33', 271),
('DoctrineMigrations\\Version20230212094728', '2023-02-12 09:47:37', 197),
('DoctrineMigrations\\Version20230213153538', '2023-02-13 15:35:49', 310),
('DoctrineMigrations\\Version20230213161712', '2023-02-13 16:17:19', 114),
('DoctrineMigrations\\Version20230213161833', '2023-02-13 16:18:38', 154),
('DoctrineMigrations\\Version20230401171949', '2023-04-01 17:20:00', 130),
('DoctrineMigrations\\Version20230415185558', '2023-04-15 18:56:07', 112),
('DoctrineMigrations\\Version20230711043034', '2023-07-15 04:12:11', 187),
('DoctrineMigrations\\Version20230714035422', '2023-07-15 04:12:12', 19),
('DoctrineMigrations\\Version20230722163330', '2023-07-22 16:33:46', 175),
('DoctrineMigrations\\Version20230722164207', '2023-07-22 16:42:12', 56),
('DoctrineMigrations\\Version20230723064456', '2023-07-23 06:45:07', 148),
('DoctrineMigrations\\Version20230723064933', '2023-07-23 06:49:46', 117),
('DoctrineMigrations\\Version20230813122944', '2023-08-13 12:29:52', 102),
('DoctrineMigrations\\Version20230813131638', '2023-08-13 13:20:23', 96),
('DoctrineMigrations\\Version20230813133850', '2023-08-13 13:38:58', 210),
('DoctrineMigrations\\Version20230813144151', '2023-08-13 14:43:22', 69),
('DoctrineMigrations\\Version20230813171119', '2023-08-13 17:11:25', 98),
('DoctrineMigrations\\Version20230814041345', '2023-08-14 14:46:01', 89),
('DoctrineMigrations\\Version20230814042133', '2023-08-14 14:46:01', 40),
('DoctrineMigrations\\Version20230814145222', '2023-08-14 15:22:56', 77),
('DoctrineMigrations\\Version20230814152250', '2023-08-14 15:22:56', 7);

-- --------------------------------------------------------

--
-- Structure de la table `famille`
--

DROP TABLE IF EXISTS `famille`;
CREATE TABLE IF NOT EXISTS `famille` (
  `id` int NOT NULL AUTO_INCREMENT,
  `nom` varchar(255) COLLATE utf8mb4_unicode_ci NOT NULL,
  PRIMARY KEY (`id`)
) ENGINE=InnoDB AUTO_INCREMENT=137 DEFAULT CHARSET=utf8mb4 COLLATE=utf8mb4_unicode_ci;

--
-- Déchargement des données de la table `famille`
--

INSERT INTO `famille` (`id`, `nom`) VALUES
(10, 'Rakotoarinelina'),
(11, 'loholona Mami'),
(12, 'loholona Eric'),
(13, 'Narisoa'),
(14, 'Mr Alain'),
(17, 'Mme Francette'),
(19, 'Mme Haja'),
(20, 'Mme Bakoly'),
(21, 'Mme Rosamonde'),
(23, 'RASOAVELOTASY (Sabbatine)'),
(26, 'Mme Jeanne'),
(27, 'Mr Mamy'),
(32, 'NOMENJANAHARY'),
(37, 'Nathalie'),
(39, 'Romario'),
(40, 'Mme Lanto'),
(41, 'Mme Onja'),
(42, 'Mme Laingo'),
(43, 'Mme Mirami'),
(44, 'Mifangaro'),
(135, 'Ramanampamonjy'),
(136, 'Priscilla');

-- --------------------------------------------------------

--
-- Structure de la table `fianarana_lesona`
--

DROP TABLE IF EXISTS `fianarana_lesona`;
CREATE TABLE IF NOT EXISTS `fianarana_lesona` (
  `id` int NOT NULL AUTO_INCREMENT,
  `mambra_id` int NOT NULL,
  `presence` tinyint(1) NOT NULL,
  `nombre` int NOT NULL,
  `registre_id` int DEFAULT NULL,
  PRIMARY KEY (`id`),
  KEY `IDX_F42F21C961B16EE7` (`mambra_id`),
  KEY `IDX_F42F21C95678EFCA` (`registre_id`)
) ENGINE=InnoDB AUTO_INCREMENT=22 DEFAULT CHARSET=utf8mb4 COLLATE=utf8mb4_unicode_ci;

-- --------------------------------------------------------

--
-- Structure de la table `file`
--

DROP TABLE IF EXISTS `file`;
CREATE TABLE IF NOT EXISTS `file` (
  `id` int NOT NULL AUTO_INCREMENT,
  `filename` varchar(255) COLLATE utf8mb4_unicode_ci NOT NULL,
  `updated_at` datetime NOT NULL,
  PRIMARY KEY (`id`)
) ENGINE=InnoDB AUTO_INCREMENT=161 DEFAULT CHARSET=utf8mb4 COLLATE=utf8mb4_unicode_ci;

--
-- Déchargement des données de la table `file`
--

INSERT INTO `file` (`id`, `filename`, `updated_at`) VALUES
(1, '64b2d1a29b711276541888.xlsx', '2023-07-15 17:04:34'),
(2, 'AUDIT Ony Modele.xlsx', '2023-07-15 17:16:44'),
(3, 'Temoin.xlsx', '2023-07-15 17:17:16'),
(4, 'Cas.xlsx', '2023-07-15 18:00:39'),
(5, 'Cas.xlsx', '2023-07-15 18:03:20'),
(6, 'Cas.xlsx', '2023-07-15 18:14:59'),
(7, 'Cas.xlsx', '2023-07-15 18:16:39'),
(8, 'Cas.xlsx', '2023-07-15 18:16:53'),
(9, 'Cas.xlsx', '2023-07-16 05:36:58'),
(10, 'AUDIT Ony Modele.xlsx', '2023-07-16 05:40:40'),
(11, 'Cas.xlsx', '2023-07-16 05:41:34'),
(12, 'Cas.xlsx', '2023-07-16 05:42:25'),
(13, 'Temoin.xlsx', '2023-07-16 05:42:43'),
(14, 'Temoin.xlsx', '2023-07-16 05:42:53'),
(15, 'Temoin.xlsx', '2023-07-16 05:48:04'),
(16, 'Temoin.xlsx', '2023-07-16 05:53:11'),
(17, 'Temoin.xlsx', '2023-07-16 05:53:25'),
(18, 'Temoin.xlsx', '2023-07-16 05:57:11'),
(19, 'Voice of youth.jpeg', '2023-07-16 10:40:18'),
(20, 'Fihirana ♫♫♫.ppsx', '2023-07-16 10:41:05'),
(21, 'Cas.xlsx', '2023-07-16 10:45:37'),
(22, 'Cas.xlsx', '2023-07-16 10:46:20'),
(23, 'mambra.xlsx', '2023-07-16 10:47:22'),
(24, 'mambra.xlsx', '2023-07-16 10:48:11'),
(25, 'mambra.xlsx', '2023-07-16 10:48:55'),
(26, 'mambra.xlsx', '2023-07-16 10:50:06'),
(27, 'mambra.xlsx', '2023-07-16 10:51:12'),
(28, 'mambra.xlsx', '2023-07-16 10:52:24'),
(29, 'mambra.xlsx', '2023-07-16 14:11:44'),
(30, 'mambra (2).csv', '2023-07-16 14:14:51'),
(31, 'test.xlsx', '2023-07-16 14:17:49'),
(32, 'test.csv', '2023-07-16 14:18:28'),
(33, 'test.csv', '2023-07-16 14:23:50'),
(34, 'test.xlsx', '2023-07-16 14:57:38'),
(35, 'test.csv', '2023-07-16 14:58:18'),
(36, 'test.csv', '2023-07-16 14:58:57'),
(37, 'mambra.xlsx', '2023-07-16 14:59:08'),
(38, 'mambra.xlsx', '2023-07-16 15:01:42'),
(39, 'test.csv', '2023-07-16 15:02:41'),
(40, 'test.csv', '2023-07-16 15:03:29'),
(41, 'test.csv', '2023-07-16 15:04:25'),
(42, 'test.csv', '2023-07-16 15:06:52'),
(43, 'test.csv', '2023-07-16 15:10:24'),
(44, 'test.csv', '2023-07-17 14:51:09'),
(45, 'test.csv', '2023-07-17 14:52:00'),
(46, 'test.csv', '2023-07-17 14:56:58'),
(47, 'test.csv', '2023-07-17 14:57:52'),
(48, 'test.csv', '2023-07-17 14:58:10'),
(49, 'test.csv', '2023-07-17 14:58:52'),
(50, 'test.csv', '2023-07-17 14:59:01'),
(51, 'test.csv', '2023-07-17 15:00:27'),
(52, 'test.csv', '2023-07-17 15:02:27'),
(53, 'test.csv', '2023-07-17 15:02:51'),
(54, 'test.csv', '2023-07-17 15:02:52'),
(55, 'test.csv', '2023-07-17 15:02:53'),
(56, 'test.csv', '2023-07-17 15:05:05'),
(57, 'test.csv', '2023-07-17 15:05:36'),
(58, 'test.csv', '2023-07-17 15:13:43'),
(59, 'test.csv', '2023-07-17 15:13:58'),
(60, 'test.csv', '2023-07-17 15:14:34'),
(61, 'test.csv', '2023-07-17 15:14:47'),
(62, 'test.csv', '2023-07-17 15:15:45'),
(63, 'test.csv', '2023-07-17 15:38:32'),
(64, 'test.csv', '2023-07-17 15:42:13'),
(65, 'test.csv', '2023-07-17 16:11:37'),
(66, 'AdminLTE 3  Dashboard.xlsx', '2023-08-07 17:44:33'),
(67, 'AdminLTE 3  Dashboard.xlsx', '2023-08-08 16:12:27'),
(68, 'AdminLTE 3  Dashboard.xlsx', '2023-08-08 16:21:17'),
(69, 'AdminLTE 3  Dashboard.xlsx', '2023-08-08 16:23:04'),
(70, 'test.xlsx', '2023-08-08 16:23:35'),
(71, 'test.xlsx', '2023-08-08 16:24:02'),
(72, 'test.xlsx', '2023-08-08 16:25:57'),
(73, 'test.xlsx', '2023-08-08 16:26:45'),
(74, 'test.xlsx', '2023-08-08 16:32:14'),
(75, 'test.xlsx', '2023-08-08 16:33:06'),
(76, 'test.xlsx', '2023-08-08 17:12:09'),
(77, 'test.xlsx', '2023-08-08 17:12:57'),
(78, 'test.xlsx', '2023-08-08 17:14:23'),
(79, 'test.xlsx', '2023-08-08 17:17:38'),
(80, 'test.csv', '2023-08-08 17:21:24'),
(81, 'test.csv', '2023-08-08 17:21:52'),
(82, 'test.csv', '2023-08-08 17:23:11'),
(83, 'test.csv', '2023-08-08 17:25:43'),
(84, 'test.csv', '2023-08-09 14:30:01'),
(85, 'test.csv', '2023-08-09 14:30:56'),
(86, 'test.csv', '2023-08-09 14:37:48'),
(87, 'test.csv', '2023-08-09 14:39:17'),
(88, 'test.csv', '2023-08-09 14:41:38'),
(89, 'test.csv', '2023-08-09 14:41:55'),
(90, 'test.csv', '2023-08-09 14:42:20'),
(91, 'test.csv', '2023-08-09 14:54:20'),
(92, 'test.xlsx', '2023-08-11 14:44:49'),
(93, 'mpitondra.xlsx', '2023-08-11 14:45:19'),
(94, 'mpitondra.xlsx', '2023-08-11 14:47:42'),
(95, 'mpitondra.xlsx', '2023-08-12 13:42:21'),
(96, 'mpitondra.xlsx', '2023-08-13 11:45:22'),
(97, 'mpitondra.xlsx', '2023-08-13 11:46:25'),
(98, 'mpitondra.xlsx', '2023-08-13 11:53:36'),
(99, 'mpitondra.xlsx', '2023-08-13 11:53:53'),
(100, 'mpitondra.xlsx', '2023-08-13 11:55:03'),
(101, 'mpitondra.xlsx', '2023-08-13 12:18:00'),
(102, 'mpitondra.xlsx', '2023-08-13 15:03:53'),
(103, 'mpitondra.xlsx', '2023-08-13 15:08:25'),
(104, 'mpitondra.xlsx', '2023-08-13 15:08:35'),
(105, 'mpitondra.xlsx', '2023-08-13 15:09:41'),
(106, 'mpitondra.xlsx', '2023-08-13 15:09:58'),
(107, 'mpitondra.xlsx', '2023-08-13 16:23:28'),
(108, 'mpitondra.xlsx', '2023-08-13 16:59:55'),
(109, 'mpitondra.xlsx', '2023-08-13 17:00:12'),
(110, 'mpitondra.xlsx', '2023-08-13 17:10:18'),
(111, 'mpitondra.xlsx', '2023-08-13 17:11:50'),
(112, 'mpitondra.xlsx', '2023-08-13 17:15:17'),
(113, 'mpitondra.xlsx', '2023-08-13 17:15:40'),
(114, 'mpitondra.xlsx', '2023-08-13 17:17:12'),
(115, 'mpitondra.xlsx', '2023-08-13 17:19:43'),
(116, 'mpitondra.xlsx', '2023-08-13 17:21:22'),
(117, 'mpitondra.xlsx', '2023-08-14 14:45:37'),
(118, 'mpitondra.xlsx', '2023-08-14 14:51:11'),
(119, 'mpitondra.xlsx', '2023-08-14 14:52:43'),
(120, 'mpitondra.xlsx', '2023-08-14 15:23:02'),
(121, 'mpitondra.xlsx', '2023-08-14 15:30:44'),
(122, 'mpitondra.xlsx', '2023-08-14 15:51:01'),
(123, 'mpitondra.xlsx', '2023-08-14 15:52:11'),
(124, 'mpitondra.xlsx', '2023-08-14 15:54:11'),
(125, 'mpitondra.xlsx', '2023-08-14 15:55:01'),
(126, 'mpitondra.xlsx', '2023-08-20 10:29:15'),
(127, 'mpitondra.xlsx', '2023-08-20 10:30:57'),
(128, 'mpitondra.xlsx', '2023-08-20 10:31:56'),
(129, 'mpitondra.xlsx', '2023-08-20 10:46:59'),
(130, 'mpitondra.xlsx', '2023-08-20 10:47:20'),
(131, 'mpitondra.xlsx', '2023-08-20 10:53:29'),
(132, 'mpitondra.xlsx', '2023-08-20 10:54:24'),
(133, 'mpitondra.xlsx', '2023-08-20 10:54:49'),
(134, 'mpitondra.xlsx', '2023-08-20 10:55:02'),
(135, 'mpitondra.xlsx', '2023-08-20 10:58:00'),
(136, 'mpitondra.xlsx', '2023-08-20 11:03:37'),
(137, 'mpitondra.xlsx', '2023-08-20 11:04:10'),
(138, 'mpitondra.xlsx', '2023-08-20 11:07:51'),
(139, 'mpitondra.xlsx', '2023-08-20 11:11:05'),
(140, 'mpitondra.xlsx', '2023-08-20 11:14:34'),
(141, 'mpitondra.xlsx', '2023-08-20 11:14:47'),
(142, 'mpitondra.xlsx', '2023-08-20 11:15:39'),
(143, 'mpitondra.xlsx', '2023-08-20 11:16:47'),
(144, 'mpitondra.xlsx', '2023-08-20 11:17:11'),
(145, 'mpitondra.xlsx', '2023-08-20 11:17:41'),
(146, 'mpitondra.xlsx', '2023-08-20 16:55:45'),
(147, 'mpitondra.xlsx', '2023-08-20 16:56:14'),
(148, 'mpitondra.xlsx', '2023-08-20 16:57:05'),
(149, 'mpitondra.xlsx', '2023-08-20 16:57:14'),
(150, 'mpitondra.xlsx', '2023-08-20 16:58:19'),
(151, 'mpitondra.xlsx', '2023-08-20 17:00:32'),
(152, 'mpitondra.xlsx', '2023-08-21 14:12:28'),
(153, 'mpitondra.xlsx', '2023-08-21 14:14:28'),
(154, 'mpitondra.xlsx', '2023-08-21 14:29:18'),
(155, 'mpitondra.xlsx', '2023-08-21 14:35:12'),
(156, 'mpitondra.xlsx', '2023-08-21 14:37:27'),
(157, 'mpitondra.xlsx', '2023-08-21 14:51:55'),
(158, 'mpitondra.xlsx', '2023-08-21 14:53:17'),
(159, 'mpitondra.xlsx', '2023-08-21 14:54:12'),
(160, 'mpitondra.xlsx', '2023-08-21 14:54:26');

-- --------------------------------------------------------

--
-- Structure de la table `hira_choral`
--

DROP TABLE IF EXISTS `hira_choral`;
CREATE TABLE IF NOT EXISTS `hira_choral` (
  `id` int NOT NULL AUTO_INCREMENT,
  `theme_id` int DEFAULT NULL,
  `titre` varchar(255) COLLATE utf8mb4_unicode_ci NOT NULL,
  `cle` varchar(255) COLLATE utf8mb4_unicode_ci DEFAULT NULL,
  `autheur` varchar(255) COLLATE utf8mb4_unicode_ci DEFAULT NULL,
  `created_at` datetime DEFAULT NULL,
  PRIMARY KEY (`id`),
  KEY `IDX_901B568559027487` (`theme_id`)
) ENGINE=InnoDB AUTO_INCREMENT=165 DEFAULT CHARSET=utf8mb4 COLLATE=utf8mb4_unicode_ci;

--
-- Déchargement des données de la table `hira_choral`
--

INSERT INTO `hira_choral` (`id`, `theme_id`, `titre`, `cle`, `autheur`, `created_at`) VALUES
(1, 1, 'Mivavaka aho', 'Bb', NULL, '2023-02-28 13:51:00'),
(2, 1, 'Ny Andriamanitro', 'Ab', NULL, NULL),
(3, 1, 'Eto ianao', 'C', NULL, '2023-02-22 19:23:00'),
(4, 3, 'Ambarao ny voninahiny', 'A', 'Mami', NULL),
(5, 1, 'Ray o', 'Ab', NULL, NULL),
(6, 3, 'Voninahitra ho anao irery', 'C', NULL, '2023-01-14 16:21:00'),
(7, NULL, 'Ankohonan\'ny RAY', '', NULL, NULL),
(8, NULL, 'Apetraho eo aminy', '', NULL, NULL),
(9, NULL, 'Apetrako', '', NULL, NULL),
(10, NULL, 'Asandratray', '', NULL, NULL),
(11, NULL, 'Derao JESO', '', NULL, NULL),
(12, NULL, 'Ekeo anio JESO', '', NULL, NULL),
(13, NULL, 'Eo aminao', '', NULL, NULL),
(14, NULL, 'Faly ny fo', '', NULL, NULL),
(15, NULL, 'Fifaliako', '', NULL, NULL),
(16, NULL, 'Haleloia', '', NULL, NULL),
(17, NULL, 'Ho avy izy', '', NULL, NULL),
(18, NULL, 'Hobio Jeso', '', NULL, NULL),
(19, NULL, 'Indro raiso tompo ô', '', NULL, NULL),
(20, NULL, 'Inty aho JESO', '', NULL, NULL),
(21, NULL, 'JESO mamiko ianao', '', NULL, NULL),
(22, NULL, 'Jehovah tomponay', '', NULL, NULL),
(23, NULL, 'Jeso lay zanakin\'ny RAY', '', NULL, NULL),
(24, NULL, 'Jeso ndreto izahay', '', NULL, NULL),
(25, NULL, 'Lay JESO mpamonjy anao', '', NULL, NULL),
(26, NULL, 'Lehibe', '', NULL, NULL),
(27, NULL, 'Manatona ny mpamonjy', '', NULL, NULL),
(28, NULL, 'Miantso anao ny tompo', '', NULL, NULL),
(29, NULL, 'Mifalia', '', NULL, NULL),
(30, NULL, 'Mifohaza', '', NULL, NULL),
(31, NULL, 'Mila midera', '', NULL, NULL),
(32, NULL, 'Misy tantara iray', '', NULL, NULL),
(33, NULL, 'Moa ve efa mba renao', '', NULL, NULL),
(34, NULL, 'Ny fahasoavanao', '', NULL, NULL),
(35, NULL, 'Ny famindram-ponao jeso', '', NULL, NULL),
(36, NULL, 'Ny famonjen\'i JESO', '', NULL, NULL),
(37, NULL, 'Ny famonjena', '', NULL, NULL),
(38, NULL, 'Ny faniriako hatrizao JESO', '', NULL, NULL),
(39, NULL, 'Ny hatsaranao', '', NULL, NULL),
(40, NULL, 'O banjino', '', NULL, NULL),
(41, NULL, 'RFA', '', NULL, NULL),
(42, NULL, 'Ry salema', '', NULL, NULL),
(43, NULL, 'Segneur ton amour', '', NULL, NULL),
(44, NULL, 'Tanora ô', '', NULL, NULL),
(45, NULL, 'Tiako ianao JESO', '', NULL, NULL),
(46, NULL, 'Tiako ianao jeso {play back}', '', NULL, NULL),
(47, NULL, 'Tsy misy', '', NULL, NULL),
(48, NULL, 'Vaoavao mahafaly', '', NULL, NULL),
(49, NULL, 'Vavaka', '', NULL, NULL),
(50, NULL, 'Vavaka 2', '', NULL, NULL),
(51, NULL, 'Voninahitra', '', NULL, NULL),
(52, NULL, 'Voninahitra ho anao JESO', '', NULL, NULL),
(53, NULL, 'fiainam-baovao', '', NULL, NULL),
(54, NULL, 'ho anao jeso', '', NULL, NULL),
(55, NULL, 'indro jeso voc', '', NULL, NULL),
(56, NULL, 'jeso tompo', '', NULL, NULL),
(57, NULL, 'seigneur', '', NULL, NULL),
(58, NULL, 'tsy ho ela', '', NULL, NULL),
(60, NULL, 'ô mifalia', '', NULL, NULL),
(61, NULL, 'Ianao jesosy ô', '', NULL, NULL),
(62, NULL, 'Indro JESO', '', NULL, NULL),
(63, NULL, 'JESO mamiko ianao _Old1', '', NULL, NULL),
(64, NULL, 'Jeso lay zanaky ny ray', '', NULL, NULL),
(65, NULL, 'Lay Jeso mpamonjy anao', '', NULL, NULL),
(66, NULL, 'Miantso anao ny tompo01', '', NULL, NULL),
(67, NULL, 'Misy tantara iray_Old1', '', NULL, NULL),
(68, NULL, 'Moa ve efa vocal', '', NULL, NULL),
(69, NULL, 'Nty aho JESO', '', NULL, NULL),
(70, NULL, 'Ny famonjen\'i jeso', '', NULL, NULL),
(71, NULL, 'Ny faniriako hatrizao JESO_Old1', '', NULL, NULL),
(72, NULL, 'Ny hatsaranao_New1', '', NULL, NULL),
(74, NULL, 'TIAKO IANAO JESO', '', NULL, NULL),
(75, NULL, 'Vavaka (solo)', '', NULL, NULL),
(76, NULL, 'Vavaka 1', '', NULL, NULL),
(77, NULL, 'ô banjino', '', NULL, NULL),
(78, NULL, 'Ampianaro aho Tompo', '', NULL, NULL),
(79, NULL, 'Andriamanitra Mpamorona', '', NULL, NULL),
(80, NULL, 'Azoko antoka ny fandresena', '', NULL, NULL),
(81, NULL, 'CAF enter1', '', NULL, NULL),
(82, NULL, 'Derainay Ianao JESO', '', NULL, NULL),
(83, NULL, 'Eny havaozy Tompo ô', '', NULL, NULL),
(84, NULL, 'Eto ny voninahitr\'Andriamanitra', '', NULL, NULL),
(85, NULL, 'Fanantenana ho anao', '', NULL, NULL),
(86, NULL, 'Fifaliana ho ahy', '', NULL, NULL),
(87, NULL, 'Folder', '', NULL, NULL),
(88, NULL, 'Henoy ny vavakay', '', NULL, NULL),
(89, NULL, 'Ho anao manontolo  B', '', NULL, NULL),
(90, NULL, 'Ho anao manontolo  C', '', NULL, NULL),
(91, NULL, 'Ho anao manontolo', '', NULL, NULL),
(92, NULL, 'Ho any an-danitra isika', '', NULL, NULL),
(93, NULL, 'Ho avy JESO', '', NULL, NULL),
(94, NULL, 'Ho hitantsika JESOSY', '', NULL, NULL),
(95, NULL, 'ILAY TANY VAOVAO', '', NULL, NULL),
(96, NULL, 'Ianao Mpamonjy master', '', NULL, NULL),
(97, NULL, 'Ilay fanantenana lehibe', '', NULL, NULL),
(98, NULL, 'Indro JESO version', '', NULL, NULL),
(99, NULL, 'Indro ny mpanjaka', '', NULL, NULL),
(100, NULL, 'Izao anio izao', '', NULL, NULL),
(101, NULL, 'Izao no ora', '', NULL, NULL),
(102, NULL, 'JESO Mahatoky anao', '', NULL, NULL),
(103, NULL, 'JESO avy any nazareta', '', NULL, NULL),
(104, NULL, 'JESO be fitiavana ianao', '', NULL, NULL),
(105, NULL, 'JESO be fitiavana remix', '', NULL, NULL),
(106, NULL, 'JESO isaorako ianao', '', NULL, NULL),
(107, NULL, 'JESO lay sakaiza tsy mandao', '', NULL, NULL),
(108, NULL, 'JESO malala ô, omeko anao', '', NULL, NULL),
(109, NULL, 'JESO sakaizako hatrizao', '', NULL, NULL),
(110, NULL, 'JESO tsara indrindra', '', NULL, NULL),
(111, NULL, 'JESOSY no mpamonjy', '', NULL, NULL),
(112, NULL, 'Je vis pour JESUS', '', NULL, NULL),
(113, NULL, 'Jereo JESO Fanantenana', '', NULL, NULL),
(114, NULL, 'Jerosalema', '', NULL, NULL),
(115, NULL, 'Jeso no hany famonjena', '', NULL, NULL),
(116, NULL, 'Jeso ny fianako eo aminao', '', NULL, NULL),
(117, NULL, 'Jesosy sy izaho', '', NULL, NULL),
(118, NULL, 'Lay JESO Mpamonjy anao', '', NULL, NULL),
(119, NULL, 'Lay sakaiza', '', NULL, NULL),
(120, NULL, 'Manantona', '', NULL, NULL),
(121, NULL, 'Manendry anao JESO', '', NULL, NULL),
(122, NULL, 'Masina Ianao JESO', '', NULL, NULL),
(123, NULL, 'Midera anao', '', NULL, NULL),
(124, NULL, 'Misaotra ny Ray', '', NULL, NULL),
(125, NULL, 'Mivavaka aho', '', NULL, NULL),
(126, NULL, 'Ny Andriamanitro', '', NULL, NULL),
(127, NULL, 'Ny akaikinao JESO', '', NULL, NULL),
(128, NULL, 'Ny fitiavanao JESO', '', NULL, NULL),
(129, NULL, 'Ny hafatra ho anao', '', NULL, NULL),
(130, NULL, 'Ny hasambarako', '', NULL, NULL),
(131, NULL, 'Ny herinao', '', NULL, NULL),
(132, NULL, 'Ny manompo anao JESO', '', NULL, NULL),
(133, NULL, 'Omeo azy', '', NULL, NULL),
(134, NULL, 'Raha mbola velona', '', NULL, NULL),
(135, NULL, 'Raha sendra', '', NULL, NULL),
(136, NULL, 'Ray ô!', '', NULL, NULL),
(137, NULL, 'Resy lahatra aho JESO', '', NULL, NULL),
(138, NULL, 'Ry JEHOVAH Tomponay', '', NULL, NULL),
(139, NULL, 'Ry TOMPO ô mpahary', '', NULL, NULL),
(140, NULL, 'TOMPO be indrafo', '', NULL, NULL),
(141, NULL, 'Te hahita anao aho', '', NULL, NULL),
(142, NULL, 'Tena ho avy izy', '', NULL, NULL),
(143, NULL, 'Tena tiako Ianao JESO', '', NULL, NULL),
(144, NULL, 'Vatolampiko mandrakizay', '', NULL, NULL),
(145, NULL, 'ô Impiry moa', '', NULL, NULL),
(146, NULL, 'ô! Mifalia', '', NULL, NULL),
(148, NULL, 'Asandratray ny feo', '', NULL, NULL),
(149, NULL, 'Hiverina aminao', '', NULL, NULL),
(150, NULL, 'Ho hitantsika jesosy', '', NULL, NULL),
(151, NULL, 'Lazao ny fanantenanao', '', NULL, NULL),
(152, NULL, 'Lehibe ny anaranao', '', NULL, NULL),
(153, NULL, 'Mpandresy', '', NULL, NULL),
(154, NULL, 'Raha ho avy Ianao JESO', '', NULL, NULL),
(155, NULL, 'Tonga tety JESO', '', NULL, NULL),
(156, NULL, 'Voninahitra ho anao irery ihany', '', NULL, NULL),
(157, NULL, 'IZAO NO ORA', '', NULL, NULL),
(158, NULL, 'JEROSALEMA', '', NULL, NULL),
(159, NULL, 'MANENDRY ANAO', '', NULL, NULL),
(160, NULL, 'ô! mifalia', '', NULL, NULL),
(161, NULL, 'Ny sambim-piainako', '', NULL, NULL),
(162, NULL, 'Jesosy irery ihany', '', NULL, NULL),
(163, NULL, 'Eo an-tananao', '', NULL, NULL),
(164, NULL, 'Ilay anarana', '', NULL, NULL);

-- --------------------------------------------------------

--
-- Structure de la table `historique_hira_choral`
--

DROP TABLE IF EXISTS `historique_hira_choral`;
CREATE TABLE IF NOT EXISTS `historique_hira_choral` (
  `id` int NOT NULL AUTO_INCREMENT,
  `done_at` datetime NOT NULL,
  `fotoana` varchar(255) COLLATE utf8mb4_unicode_ci NOT NULL,
  PRIMARY KEY (`id`)
) ENGINE=InnoDB AUTO_INCREMENT=65 DEFAULT CHARSET=utf8mb4 COLLATE=utf8mb4_unicode_ci;

--
-- Déchargement des données de la table `historique_hira_choral`
--

INSERT INTO `historique_hira_choral` (`id`, `done_at`, `fotoana`) VALUES
(18, '2023-02-25 13:30:00', 'Culte'),
(19, '2023-02-25 14:16:00', 'Répétition'),
(20, '2023-02-25 14:18:00', 'Répétition'),
(21, '2023-02-25 19:23:00', 'Sabata Hariva'),
(23, '2023-02-25 14:43:00', 'Répétition'),
(24, '2023-03-04 14:44:00', 'Culte'),
(25, '2023-03-04 16:13:00', 'Sabata Hariva'),
(26, '2023-03-12 16:05:00', 'Prise de son'),
(27, '2023-03-25 10:34:00', 'Culte'),
(28, '2023-04-01 11:17:00', 'Culte'),
(29, '2023-04-01 14:38:00', 'Répétition'),
(31, '2023-04-01 14:45:00', 'Répétition'),
(32, '2023-04-01 14:49:00', 'Répétition'),
(33, '2023-04-01 14:53:00', 'Répétition'),
(34, '2023-04-01 16:42:00', 'Sabata Hariva'),
(35, '2023-04-08 10:42:00', 'Culte'),
(36, '2023-04-08 14:43:00', 'Répétition'),
(37, '2023-04-08 14:43:00', 'Répétition'),
(38, '2023-04-08 14:43:00', 'Répétition'),
(39, '2023-04-08 14:44:00', 'Répétition'),
(41, '2023-04-08 16:39:00', 'Répétition'),
(42, '2023-04-08 16:48:00', 'Sabata Hariva'),
(43, '2023-04-02 10:38:00', 'Prise de son'),
(44, '2023-04-29 17:38:00', 'Sabata Hariva'),
(45, '2023-04-29 19:54:00', 'Répétition'),
(46, '2023-04-29 00:00:00', 'Répétition'),
(47, '2023-04-29 17:00:14', 'Répétition'),
(48, '2023-05-06 08:15:01', 'Culte'),
(49, '2023-05-06 14:23:11', 'Sabata Hariva'),
(50, '2023-05-06 14:23:55', 'Sabata Hariva'),
(51, '2023-05-20 13:00:47', 'Culte'),
(52, '2023-05-13 00:00:00', 'Sabata Hariva'),
(53, '2023-06-19 00:00:00', 'Répétition'),
(54, '2023-07-08 06:24:27', 'Culte'),
(55, '2023-07-08 07:27:45', 'Culte'),
(56, '2023-06-10 00:00:00', 'Sabata Hariva'),
(57, '2023-06-10 00:00:00', 'Sabata Hariva'),
(58, '2023-06-10 00:00:00', 'Sabata Hariva'),
(59, '2023-06-10 00:00:00', 'Sabata Hariva'),
(60, '2023-06-10 00:00:00', 'Sabata Hariva'),
(61, '2023-05-27 00:00:00', 'Culte'),
(62, '2023-07-08 07:32:18', 'Sabata Hariva'),
(63, '2023-05-27 00:00:00', 'Sabata Hariva'),
(64, '2023-07-08 08:13:38', 'Culte');

-- --------------------------------------------------------

--
-- Structure de la table `historique_hira_choral_hira_choral`
--

DROP TABLE IF EXISTS `historique_hira_choral_hira_choral`;
CREATE TABLE IF NOT EXISTS `historique_hira_choral_hira_choral` (
  `historique_hira_choral_id` int NOT NULL,
  `hira_choral_id` int NOT NULL,
  PRIMARY KEY (`historique_hira_choral_id`,`hira_choral_id`),
  KEY `IDX_293EFC2348C3BDF` (`historique_hira_choral_id`),
  KEY `IDX_293EFC23E73B2FF5` (`hira_choral_id`)
) ENGINE=InnoDB DEFAULT CHARSET=utf8mb4 COLLATE=utf8mb4_unicode_ci;

--
-- Déchargement des données de la table `historique_hira_choral_hira_choral`
--

INSERT INTO `historique_hira_choral_hira_choral` (`historique_hira_choral_id`, `hira_choral_id`) VALUES
(18, 138),
(19, 6),
(20, 124),
(21, 124),
(23, 116),
(24, 6),
(25, 161),
(26, 2),
(27, 116),
(28, 161),
(29, 124),
(31, 110),
(32, 162),
(33, 163),
(34, 162),
(35, 110),
(36, 163),
(37, 110),
(38, 164),
(39, 85),
(41, 124),
(42, 163),
(43, 110),
(44, 108),
(45, 79),
(46, 135),
(47, 4),
(48, 135),
(49, 132),
(50, 142),
(51, 142),
(52, 134),
(53, 1),
(54, 124),
(55, 108),
(56, 94),
(57, 93),
(58, 103),
(59, 142),
(60, 134),
(61, 103),
(62, 102),
(63, 112),
(64, 53);

-- --------------------------------------------------------

--
-- Structure de la table `kilasy`
--

DROP TABLE IF EXISTS `kilasy`;
CREATE TABLE IF NOT EXISTS `kilasy` (
  `id` int NOT NULL AUTO_INCREMENT,
  `nom` varchar(255) COLLATE utf8mb4_unicode_ci NOT NULL,
  `description` longtext COLLATE utf8mb4_unicode_ci,
  `kilasy_lasitra_id` int NOT NULL,
  `nbr_mambra` int DEFAULT NULL,
  `nbr_mambra_used` varchar(255) COLLATE utf8mb4_unicode_ci NOT NULL,
  PRIMARY KEY (`id`),
  KEY `IDX_52FD41071D31AF05` (`kilasy_lasitra_id`)
) ENGINE=InnoDB AUTO_INCREMENT=20 DEFAULT CHARSET=utf8mb4 COLLATE=utf8mb4_unicode_ci;

--
-- Déchargement des données de la table `kilasy`
--

INSERT INTO `kilasy` (`id`, `nom`, `description`, `kilasy_lasitra_id`, `nbr_mambra`, `nbr_mambra_used`) VALUES
(12, 'Ankizy', NULL, 1, 15, 'custom'),
(13, 'Tanora zandriny', NULL, 2, 12, 'custom'),
(14, 'Zatovo', NULL, 3, NULL, 'registre'),
(15, 'Tanora zokiny', NULL, 4, 12, 'custom'),
(16, 'Lehibe', NULL, 5, 15, 'custom');

-- --------------------------------------------------------

--
-- Structure de la table `kilasy_lasitra`
--

DROP TABLE IF EXISTS `kilasy_lasitra`;
CREATE TABLE IF NOT EXISTS `kilasy_lasitra` (
  `id` int NOT NULL AUTO_INCREMENT,
  `nom` varchar(255) COLLATE utf8mb4_unicode_ci NOT NULL,
  `tranche_age` varchar(255) COLLATE utf8mb4_unicode_ci NOT NULL,
  `description` varchar(255) COLLATE utf8mb4_unicode_ci DEFAULT NULL,
  PRIMARY KEY (`id`)
) ENGINE=InnoDB AUTO_INCREMENT=6 DEFAULT CHARSET=utf8mb4 COLLATE=utf8mb4_unicode_ci;

--
-- Déchargement des données de la table `kilasy_lasitra`
--

INSERT INTO `kilasy_lasitra` (`id`, `nom`, `tranche_age`, `description`) VALUES
(1, 'Ankizy', '0_2,3_4,5_12', 'Kilasin\'ny ankizy kely, miaraka ao ny zaza minono sy ny zazabodo ary ny ankizy aloha ho an\'ny fiangonana'),
(2, 'Tanora Zandriny', '13_15', 'Tanora zandriny sy matoanto miaraka ao'),
(3, 'Zatovo', '16_18', '16 taona hatramin\'ny 18 taona'),
(4, 'Tanora Zokiny', '19_35', '...'),
(5, 'Lehibe', '35+', 'lehibe rehetra');

-- --------------------------------------------------------

--
-- Structure de la table `mambra`
--

DROP TABLE IF EXISTS `mambra`;
CREATE TABLE IF NOT EXISTS `mambra` (
  `id` int NOT NULL AUTO_INCREMENT,
  `nom` varchar(255) COLLATE utf8mb4_unicode_ci DEFAULT NULL,
  `famille_id` int DEFAULT NULL,
  `sexe` varchar(255) COLLATE utf8mb4_unicode_ci NOT NULL,
  `date_naissance` datetime DEFAULT NULL,
  `tranche_age` varchar(255) COLLATE utf8mb4_unicode_ci DEFAULT NULL,
  `prenom` varchar(255) COLLATE utf8mb4_unicode_ci DEFAULT NULL,
  `baptise` tinyint(1) DEFAULT NULL,
  PRIMARY KEY (`id`),
  KEY `IDX_45999F097A77B84` (`famille_id`)
) ENGINE=InnoDB AUTO_INCREMENT=147 DEFAULT CHARSET=utf8mb4 COLLATE=utf8mb4_unicode_ci;

--
-- Déchargement des données de la table `mambra`
--

INSERT INTO `mambra` (`id`, `nom`, `famille_id`, `sexe`, `date_naissance`, `tranche_age`, `prenom`, `baptise`) VALUES
(30, 'Rakotoarinelina', 10, 'masculin', '1991-07-27 14:42:59', '19_35', 'Rija', 1),
(32, 'Razafimbeloarison', 11, 'masculin', NULL, '35+', 'Mami', 1),
(33, 'Razafimbeloarison', 11, 'feminin', NULL, '13_15', 'Mitia', 0),
(34, '', 12, 'masculin', '1970-02-19 00:00:00', '35+', 'Eric', 1),
(35, 'Andriamalala', 12, 'feminin', '1974-07-12 12:11:19', '35+', 'Manitra', 1),
(37, 'Raphaella', 12, 'masculin', '2004-05-18 12:09:38', '19_35', 'Erickaël', 0),
(38, 'Raoelison', 11, 'feminin', NULL, '35+', 'Tojonirina', 1),
(39, 'Rakotomalala', 13, 'masculin', '1986-04-19 15:02:29', '19_35', 'Onjaniaina Narisoa', 1),
(40, 'Raoelison', 13, 'feminin', '1988-11-17 15:02:45', '19_35', 'Tanjona', 1),
(41, 'Rakotoarime', 14, 'masculin', '1975-08-27 14:37:42', '35+', 'Alain Nirina', 1),
(42, 'Rasendrarimavo', 13, 'feminin', '1955-01-10 15:02:58', '35+', 'Beby Manitra', 1),
(44, '', 42, 'feminin', NULL, '35+', 'Laingonirina', 1),
(45, 'Ravaoriarinirina', 17, 'feminin', NULL, '35+', 'Franchette', 1),
(47, 'Jaqueline', 19, 'feminin', '1974-11-26 07:57:00', '35+', 'Haja', 1),
(48, 'Mananarivo', 20, 'feminin', NULL, '35+', 'Bakoly', 1),
(49, 'RASOLOARINIVO', 21, 'feminin', NULL, '35+', 'Rosamonde', 1),
(51, 'RASOAVELOTASY', 23, 'feminin', NULL, '35+', 'Cecille Sabatine', 1),
(53, 'ANDRIAMIARINTSOA', 27, 'feminin', NULL, '35+', 'MALALA NIRINA', NULL),
(54, NULL, 26, 'feminin', NULL, '35+', 'Jeanne', 1),
(55, NULL, 27, 'masculin', '1968-01-03 15:00:57', '35+', 'Mamy', 1),
(56, NULL, 27, 'feminin', '1966-08-25 15:00:39', '35+', 'Voahirana', 1),
(57, NULL, 27, 'feminin', NULL, '35+', 'Bebe Zizi', 1),
(58, 'Andiamiarintsoa', 39, 'masculin', NULL, '19_35', 'Romario', 1),
(59, 'Boyer', 39, 'feminin', NULL, '19_35', 'Laricha', 1),
(61, 'RAZAFINDRAMIADANA', 23, 'feminin', NULL, '19_35', 'ZOE SABATINE', 1),
(63, 'RAKOTOARIME', 14, 'feminin', '2001-06-27 14:38:14', '19_35', 'MIORA FANANTENANA', 1),
(64, 'HANITRINIAINA', 27, 'feminin', '1997-08-03 14:59:06', '19_35', 'ANNIE VANESSA', 1),
(65, 'ANDRIAMIARINTSOA', 27, 'masculin', '2000-03-27 14:58:18', '19_35', 'HERY NJARA RIVALDO', 1),
(66, 'MANANKERY', 20, 'masculin', NULL, '19_35', 'Rado Ambininjanahary', 1),
(69, 'NOMENJANAHARY', 32, 'feminin', '2006-04-14 14:40:53', '16_18', 'SAROBIDY JESSICA', 1),
(70, 'RAJAOLINAH', 32, 'feminin', '2007-12-23 14:41:01', '13_15', 'SAROBIDY CATHY LEA', NULL),
(71, 'ANDRIAMIARINTSOA', 27, 'masculin', '2006-03-07 14:59:23', '16_18', 'MAMINJARA ADRIANO', 1),
(72, 'ANDRIAMIARINTSOA', 27, 'masculin', '2006-03-06 00:00:00', '16_18', 'Rantoniaina', 1),
(73, 'RAZANANTOANINA', 27, 'feminin', '2007-02-22 15:01:38', '16_18', 'Mitia Saniah', 0),
(74, 'ANDRIANARIMALALA', 14, 'feminin', '2005-11-16 14:38:24', '16_18', 'HARENA NIRINA', 1),
(75, 'HANITRINIAINA', 27, 'feminin', NULL, '16_18', 'NANIE CYNTHIA', 1),
(76, 'RASOLONIAINA', 17, 'feminin', NULL, '16_18', 'JENNY KEZIA MICHELLA', 0),
(77, 'NOMENJANAHARY', 23, 'feminin', NULL, '16_18', 'RAVAKA IFALIANA LAUREAT', NULL),
(78, 'ANDRIAMIARINTSOA', 27, 'masculin', NULL, '16_18', 'RINDRA LALAINA', NULL),
(79, 'MANANKERY', 20, 'masculin', NULL, '16_18', 'Narindra Fehizoro', 1),
(81, 'RAZAFIMBELOARISON', 11, 'feminin', NULL, '0_2', 'Kanto Mahatehotia', 0),
(82, 'Randrianambinintsoa', 27, 'masculin', '2005-03-22 15:00:13', '13_15', 'Rindra', NULL),
(83, 'Mme', 14, 'feminin', '1978-02-02 14:38:36', '35+', 'Fafah', 1),
(84, 'Miaro', 14, 'masculin', '2013-07-20 14:38:47', '5_12', NULL, NULL),
(85, 'Sitraka', 14, 'feminin', NULL, '19_35', NULL, NULL),
(86, 'Sayanne', 14, 'masculin', NULL, '0_2', NULL, NULL),
(87, 'Volatiana', 19, 'feminin', NULL, '5_12', NULL, NULL),
(88, 'Diary', 19, 'feminin', NULL, '5_12', NULL, NULL),
(89, 'Tafita', 19, 'masculin', NULL, '5_12', NULL, NULL),
(90, 'ANDRY', 20, 'feminin', NULL, '19_35', 'Malalasoa Kezia', 1),
(91, '', 42, 'feminin', NULL, '5_12', 'Harena', 0),
(92, '', 42, 'feminin', NULL, '16_18', 'Rodinah', 0),
(93, '', 40, 'feminin', NULL, '35+', 'Lanto', 1),
(94, '', 41, 'feminin', NULL, '16_18', 'Cynthia', 0),
(95, '', 41, 'feminin', NULL, '35+', 'Onja', 1),
(96, 'Sylvanno', 21, 'masculin', NULL, '13_15', NULL, 0),
(97, 'Sylvanna', 21, 'masculin', NULL, '13_15', NULL, 0),
(98, '', 21, 'feminin', NULL, '19_35', 'Nanou', 1),
(99, 'Valisoa', 17, 'masculin', NULL, '5_12', NULL, 0),
(101, NULL, 21, 'feminin', NULL, '5_12', 'Harena', 0),
(102, 'Rayan', NULL, 'masculin', NULL, '5_12', 'Rayana', 0),
(104, 'Ezra', 23, 'masculin', NULL, '5_12', 'Ezra', 0),
(105, NULL, 37, 'feminin', NULL, '35+', 'Nathalie', 1),
(107, NULL, 17, 'feminin', NULL, '5_12', 'Valimbavaka', 0),
(108, NULL, 19, 'feminin', NULL, '19_35', 'Diamondra', 1),
(109, NULL, 19, 'feminin', NULL, '5_12', 'Idealy', 0),
(110, 'Rakotomalala', 13, 'feminin', '2017-10-06 15:03:42', '5_12', 'Anjaniaina', 0),
(111, 'Andriamiarintsoa', 39, 'masculin', NULL, '3_4', 'Oram', 0),
(112, NULL, 23, 'masculin', NULL, '5_12', 'Sayan', 0),
(113, 'Rakotonandrasana Tinah', 21, 'masculin', NULL, '5_12', 'J Rayan', 0),
(114, 'Rakotoniaina Henintsoa', 21, 'feminin', NULL, '5_12', 'Ezra Michela', 0),
(115, 'Andriamahefa', 32, 'feminin', '2011-09-08 14:41:12', '13_15', 'Sarobidy Manova Jenny', 0),
(116, 'Ravaoarinomenjanahary', 23, 'feminin', NULL, '13_15', 'Risca', 0),
(117, 'Ravalison H.', 23, 'feminin', NULL, '13_15', 'Mirindra', 0),
(118, 'Rakotoniaina', 21, 'masculin', NULL, '13_15', 'N. Tsitohaina', 0),
(119, 'Ramamonjisoa', 23, 'feminin', NULL, '13_15', 'Hortensia', 0),
(120, 'Rasoamanana', 41, 'feminin', NULL, '13_15', 'Mariah A.', 0),
(122, '', 43, 'feminin', NULL, '35+', 'Mirami', 1),
(123, 'Randrianandrasana', 44, 'masculin', NULL, '13_15', 'Aina Fitahiana', 0),
(144, 'Ramanampamonjy', 135, 'feminin', NULL, '19_35', 'Hanitriniony', 0),
(145, '', 136, 'feminin', NULL, '19_35', 'Priscilla', 1),
(146, '', 20, 'masculin', NULL, '19_35', 'Anja', 1);

-- --------------------------------------------------------

--
-- Structure de la table `mpitondra_raharaha`
--

DROP TABLE IF EXISTS `mpitondra_raharaha`;
CREATE TABLE IF NOT EXISTS `mpitondra_raharaha` (
  `id` int NOT NULL AUTO_INCREMENT,
  `andraikitra_id` int NOT NULL,
  `mambra_id` int DEFAULT NULL,
  `date` date NOT NULL,
  `responsable` varchar(255) COLLATE utf8mb4_unicode_ci DEFAULT NULL,
  PRIMARY KEY (`id`),
  KEY `IDX_D3AEF199ED17E065` (`andraikitra_id`),
  KEY `IDX_D3AEF19961B16EE7` (`mambra_id`)
) ENGINE=InnoDB AUTO_INCREMENT=1753 DEFAULT CHARSET=utf8mb4 COLLATE=utf8mb4_unicode_ci;

--
-- Déchargement des données de la table `mpitondra_raharaha`
--

INSERT INTO `mpitondra_raharaha` (`id`, `andraikitra_id`, `mambra_id`, `date`, `responsable`) VALUES
(1506, 1, 69, '2023-11-15', NULL),
(1507, 1, 90, '2023-11-29', NULL),
(1508, 3, 75, '2023-11-17', NULL),
(1509, 3, 63, '2023-12-01', NULL),
(1510, 4, 35, '2023-11-17', NULL),
(1511, 4, 40, '2023-12-01', NULL),
(1512, 5, 72, '2023-11-18', NULL),
(1513, 5, 66, '2023-12-02', NULL),
(1514, 6, 79, '2023-11-18', NULL),
(1515, 9, 71, '2023-11-18', NULL),
(1516, 9, 64, '2023-12-02', NULL),
(1517, 10, 74, '2023-11-18', NULL),
(1518, 10, 39, '2023-12-02', NULL),
(1519, 12, 75, '2023-11-18', NULL),
(1520, 12, 145, '2023-12-02', NULL),
(1521, 1, 145, '2023-11-08', NULL),
(1522, 1, 79, '2023-12-06', NULL),
(1523, 1, 65, '2023-12-20', NULL),
(1524, 1, 74, '2023-12-27', NULL),
(1525, 3, 90, '2023-11-10', NULL),
(1526, 3, 72, '2023-12-08', NULL),
(1527, 3, 64, '2023-12-22', NULL),
(1528, 3, 71, '2023-12-29', NULL),
(1529, 4, 39, '2023-11-10', NULL),
(1530, 4, 69, '2023-12-08', NULL),
(1531, 4, 30, '2023-12-22', NULL),
(1532, 4, 79, '2023-12-29', NULL),
(1533, 5, 65, '2023-11-11', NULL),
(1534, 5, 75, '2023-12-09', NULL),
(1535, 5, 63, '2023-12-23', NULL),
(1536, 5, 69, '2023-12-30', NULL),
(1537, 6, 63, '2023-11-11', NULL),
(1538, 6, 74, '2023-12-09', NULL),
(1539, 6, 72, '2023-12-30', NULL),
(1540, 9, 66, '2023-11-11', NULL),
(1541, 9, 72, '2023-12-09', NULL),
(1542, 9, 66, '2023-12-23', NULL),
(1543, 9, 74, '2023-12-30', NULL),
(1544, 10, 40, '2023-11-11', NULL),
(1545, 10, 71, '2023-12-09', NULL),
(1546, 10, 145, '2023-12-23', NULL),
(1547, 10, 75, '2023-12-30', NULL),
(1548, 12, 145, '2023-11-11', NULL),
(1549, 12, 74, '2023-12-09', NULL),
(1550, 12, 39, '2023-12-23', NULL),
(1551, 12, 79, '2023-12-30', NULL),
(1552, 6, 30, '2023-12-02', NULL),
(1553, 1, 74, '2024-03-01', NULL),
(1554, 3, 72, '2024-03-03', NULL),
(1555, 4, 35, '2024-03-03', NULL),
(1556, 5, 69, '2024-03-04', NULL),
(1557, 6, 79, '2024-03-04', NULL),
(1558, 9, 75, '2024-03-04', NULL),
(1559, 10, 74, '2024-03-04', NULL),
(1560, 12, 79, '2024-03-04', NULL),
(1561, 14, 72, '2024-03-04', NULL),
(1562, 15, 71, '2024-03-04', NULL),
(1563, 1, 75, '2024-02-07', NULL),
(1564, 3, 69, '2024-02-09', NULL),
(1565, 4, 72, '2024-02-09', NULL),
(1566, 5, 79, '2024-02-10', NULL),
(1567, 6, 74, '2024-02-10', NULL),
(1568, 9, 71, '2024-02-10', NULL),
(1569, 10, 75, '2024-02-10', NULL),
(1570, 12, 74, '2024-02-10', NULL),
(1571, 14, 69, '2024-02-10', NULL),
(1572, 15, 72, '2024-02-10', NULL),
(1573, 1, 74, '2024-02-28', NULL),
(1574, 1, 71, '2024-03-20', NULL),
(1575, 3, 72, '2024-03-01', NULL),
(1576, 3, 79, '2024-03-22', NULL),
(1577, 4, 35, '2024-03-01', NULL),
(1578, 4, 69, '2024-03-22', NULL),
(1579, 5, 69, '2024-03-02', NULL),
(1580, 5, 72, '2024-03-23', NULL),
(1581, 6, 79, '2024-03-02', NULL),
(1582, 6, 75, '2024-03-23', NULL),
(1583, 9, 75, '2024-03-02', NULL),
(1584, 9, 69, '2024-03-23', NULL),
(1585, 10, 74, '2024-03-02', NULL),
(1586, 10, 72, '2024-03-23', NULL),
(1587, 12, 79, '2024-03-02', NULL),
(1588, 12, 35, '2024-03-23', NULL),
(1589, 14, 72, '2024-03-02', NULL),
(1590, 14, 74, '2024-03-23', NULL),
(1591, 15, 71, '2024-03-02', NULL),
(1592, 15, 79, '2024-03-23', NULL),
(1593, 2, 35, '2024-02-07', NULL),
(1594, 2, 48, '2024-02-14', NULL),
(1595, 2, 39, '2024-02-21', NULL),
(1596, 2, 34, '2024-02-28', NULL),
(1597, 2, 30, '2024-03-06', NULL),
(1598, 2, 32, '2024-03-13', NULL),
(1599, 2, 49, '2024-03-20', NULL),
(1600, 2, 35, '2024-03-27', NULL),
(1601, 1, 40, '2024-02-21', NULL),
(1602, 3, 145, '2024-02-23', NULL),
(1603, 4, 65, '2024-02-23', NULL),
(1604, 5, 39, '2024-02-24', NULL),
(1605, 6, 146, '2024-02-24', NULL),
(1606, 7, 35, '2024-02-10', NULL),
(1607, 7, 48, '2024-02-17', NULL),
(1608, 7, 39, '2024-02-24', NULL),
(1609, 7, 34, '2024-03-02', NULL),
(1610, 7, 30, '2024-03-09', NULL),
(1611, 7, 32, '2024-03-16', NULL),
(1612, 7, 49, '2024-03-23', NULL),
(1613, 7, 35, '2024-03-30', NULL),
(1614, 1, 63, '2024-03-13', NULL),
(1615, 3, 65, '2024-03-15', NULL),
(1616, 4, 59, '2024-03-15', NULL),
(1617, 5, 64, '2024-03-16', NULL),
(1618, 6, 98, '2024-03-16', NULL),
(1619, 9, 30, '2024-02-24', NULL),
(1620, 9, 40, '2024-03-16', NULL),
(1621, 10, 63, '2024-02-24', NULL),
(1622, 10, 39, '2024-03-16', NULL),
(1623, 12, 40, '2024-03-16', NULL),
(1624, 14, 64, '2024-02-24', NULL),
(1625, 1, 83, '2024-02-14', NULL),
(1626, 1, 41, '2024-03-06', NULL),
(1627, 1, 48, '2024-03-27', NULL),
(1628, 3, 44, '2024-02-16', NULL),
(1629, 3, 47, '2024-03-08', NULL),
(1630, 3, 41, '2024-03-29', NULL),
(1631, 4, 49, '2024-02-16', NULL),
(1632, 4, 83, '2024-03-08', NULL),
(1633, 4, 34, '2024-03-29', NULL),
(1634, 5, 41, '2024-02-17', NULL),
(1635, 5, 42, '2024-03-09', NULL),
(1636, 5, 44, '2024-03-30', NULL),
(1637, 6, 42, '2024-02-17', NULL),
(1638, 6, 45, '2024-03-09', NULL),
(1639, 6, 105, '2024-03-30', NULL),
(1640, 9, 48, '2024-02-17', NULL),
(1641, 9, 54, '2024-03-09', NULL),
(1642, 9, 83, '2024-03-30', NULL),
(1643, 10, 105, '2024-02-17', NULL),
(1644, 10, 48, '2024-03-09', NULL),
(1645, 10, 48, '2024-03-30', NULL),
(1646, 12, 83, '2024-02-17', NULL),
(1647, 12, 47, '2024-03-09', NULL),
(1648, 12, 105, '2024-03-30', NULL),
(1649, 14, 49, '2024-02-17', NULL),
(1650, 14, 42, '2024-03-09', NULL),
(1651, 14, 58, '2024-03-16', NULL),
(1652, 14, 54, '2024-03-30', NULL),
(1653, 15, 105, '2024-02-17', NULL),
(1654, 15, 98, '2024-02-24', NULL),
(1655, 15, 41, '2024-03-09', NULL),
(1656, 15, 65, '2024-03-16', NULL),
(1657, 15, 48, '2024-03-30', NULL),
(1658, 1, 48, '2024-04-17', NULL),
(1659, 2, 39, '2024-04-17', NULL),
(1660, 3, 41, '2024-04-19', NULL),
(1661, 4, 83, '2024-04-19', NULL),
(1662, 5, 54, '2024-04-20', NULL),
(1663, 6, 105, '2024-04-20', NULL),
(1664, 7, 39, '2024-04-20', NULL),
(1665, 8, 69, '2024-04-20', NULL),
(1666, 9, 51, '2024-04-20', NULL),
(1667, 10, 42, '2024-04-20', NULL),
(1668, 12, 39, '2024-04-20', NULL),
(1669, 14, 83, '2024-04-20', NULL),
(1670, 15, 48, '2024-04-20', NULL),
(1672, 2, 32, '2024-04-03', NULL),
(1673, 2, 48, '2024-04-10', NULL),
(1674, 2, 35, '2024-04-24', NULL),
(1675, 2, 30, '2024-05-01', NULL),
(1676, 2, 49, '2024-05-08', NULL),
(1677, 2, 34, '2024-05-15', NULL),
(1678, 8, 69, '2024-04-06', NULL),
(1679, 8, 79, '2024-04-13', NULL),
(1680, 8, 79, '2024-04-27', NULL),
(1681, 8, 69, '2024-05-04', NULL),
(1682, 8, 79, '2024-05-11', NULL),
(1683, 8, 69, '2024-05-18', NULL),
(1684, 8, 79, '2024-05-25', NULL),
(1685, 8, 69, '2024-06-01', NULL),
(1686, 8, 79, '2024-06-08', NULL),
(1687, 8, 69, '2024-06-15', NULL),
(1688, 8, 79, '2024-06-22', NULL),
(1689, 8, 69, '2024-06-29', NULL),
(1693, 1, 64, '2024-04-24', NULL),
(1694, 3, 59, '2024-04-26', NULL),
(1695, 4, 30, '2024-04-26', NULL),
(1696, 5, 63, '2024-04-27', NULL),
(1697, 6, 145, '2024-04-27', NULL),
(1698, 7, 35, '2024-04-27', NULL),
(1699, 9, 58, '2024-04-27', NULL),
(1700, 10, 65, '2024-04-27', NULL),
(1701, 12, 40, '2024-04-27', NULL),
(1702, 14, 98, '2024-04-27', NULL),
(1703, 15, 39, '2024-04-27', NULL),
(1705, 1, 63, '2024-06-05', NULL),
(1706, 1, 59, '2024-06-26', NULL),
(1707, 3, 40, '2024-06-07', NULL),
(1708, 3, 65, '2024-06-28', NULL),
(1709, 4, 58, '2024-06-07', NULL),
(1710, 4, 39, '2024-06-28', NULL),
(1711, 5, 145, '2024-06-08', NULL),
(1712, 5, 64, '2024-06-29', NULL),
(1713, 6, 98, '2024-06-08', NULL),
(1714, 6, 63, '2024-06-29', NULL),
(1715, 9, 65, '2024-06-08', NULL),
(1716, 9, 30, '2024-06-29', NULL),
(1717, 10, 30, '2024-06-08', NULL),
(1718, 10, 58, '2024-06-29', NULL),
(1719, 12, 65, '2024-06-08', NULL),
(1720, 12, 98, '2024-06-29', NULL),
(1721, 14, 59, '2024-06-08', NULL),
(1722, 14, 145, '2024-06-29', NULL),
(1723, 15, 40, '2024-06-08', NULL),
(1724, 15, 63, '2024-06-29', NULL),
(1725, 1, 38, '2024-05-08', NULL),
(1726, 1, 41, '2024-05-29', NULL),
(1727, 3, 47, '2024-05-10', NULL),
(1728, 3, 47, '2024-05-31', NULL),
(1729, 3, 38, '2024-06-21', NULL),
(1730, 4, 34, '2024-05-10', NULL),
(1731, 4, 48, '2024-05-31', NULL),
(1732, 4, 32, '2024-06-21', NULL),
(1733, 5, 42, '2024-05-11', NULL),
(1734, 5, 51, '2024-06-01', NULL),
(1735, 6, 48, '2024-05-11', NULL),
(1736, 6, 83, '2024-06-01', NULL),
(1737, 7, 49, '2024-05-11', NULL),
(1738, 9, 51, '2024-05-11', NULL),
(1739, 9, 54, '2024-06-01', NULL),
(1740, 9, 42, '2024-06-22', NULL),
(1741, 10, 41, '2024-05-11', NULL),
(1742, 10, 48, '2024-06-01', NULL),
(1743, 10, 83, '2024-06-22', NULL),
(1744, 12, 44, '2024-05-11', NULL),
(1745, 12, 44, '2024-06-01', NULL),
(1746, 12, 44, '2024-06-22', NULL),
(1747, 14, 38, '2024-05-11', NULL),
(1748, 14, 49, '2024-06-01', NULL),
(1749, 14, 54, '2024-06-22', NULL),
(1750, 15, 54, '2024-05-11', NULL),
(1751, 15, 83, '2024-06-01', NULL),
(1752, 15, 51, '2024-06-22', NULL);

-- --------------------------------------------------------

--
-- Structure de la table `product`
--

DROP TABLE IF EXISTS `product`;
CREATE TABLE IF NOT EXISTS `product` (
  `id` int NOT NULL AUTO_INCREMENT,
  `name` varchar(255) COLLATE utf8mb4_unicode_ci NOT NULL,
  `reference` varchar(255) COLLATE utf8mb4_unicode_ci NOT NULL,
  `description` varchar(255) COLLATE utf8mb4_unicode_ci NOT NULL,
  PRIMARY KEY (`id`)
) ENGINE=InnoDB AUTO_INCREMENT=3 DEFAULT CHARSET=utf8mb4 COLLATE=utf8mb4_unicode_ci;

--
-- Déchargement des données de la table `product`
--

INSERT INTO `product` (`id`, `name`, `reference`, `description`) VALUES
(1, 'hp', 'probook15', 'un bon ordinateur pour travailler'),
(2, 'acer', 'travelmate', 'c\'est un vieux ordinateur');

-- --------------------------------------------------------

--
-- Structure de la table `raharaha`
--

DROP TABLE IF EXISTS `raharaha`;
CREATE TABLE IF NOT EXISTS `raharaha` (
  `id` int NOT NULL AUTO_INCREMENT,
  `andraikitra` varchar(255) COLLATE utf8mb4_unicode_ci NOT NULL,
  `abbreviation` varchar(255) COLLATE utf8mb4_unicode_ci NOT NULL,
  PRIMARY KEY (`id`)
) ENGINE=InnoDB AUTO_INCREMENT=16 DEFAULT CHARSET=utf8mb4 COLLATE=utf8mb4_unicode_ci;

--
-- Déchargement des données de la table `raharaha`
--

INSERT INTO `raharaha` (`id`, `andraikitra`, `abbreviation`) VALUES
(1, 'Preside alarobia', 'pres_alar'),
(2, 'Fahahin\'ny faminaniana alarobia', 'ff_alar'),
(3, 'Preside zoma', 'pres_zoma'),
(4, 'Fampaherezana zoma', 'famp_zoma'),
(5, 'Preside sabata', 'pres_sabata'),
(6, 'Velomin\'ny teniny sabata', 'vt_sabata'),
(7, 'Fanahin\'ny faminaniana Sabata', 'ff_sabata'),
(8, 'Tatitra sekoly sabata', 'tatitra_sesa_sabata'),
(9, '5 minitra sabata', 'dimymn_sabata'),
(10, 'Tatitra maneran_tany', 'tatitra_eran_sabata'),
(11, 'Mpampianatra lesona Lehibe', 'lesonaLB_sabata'),
(12, 'Preside sabata hariva', 'pres_hariv_sabata'),
(13, 'Fampaherezana sabata hariva', 'famp_sabata'),
(14, 'Preside culte', 'pres_culte_sabata'),
(15, 'Fanentanana fanatitra', 'fanentanana_fanatitra_sabata');

-- --------------------------------------------------------

--
-- Structure de la table `registre`
--

DROP TABLE IF EXISTS `registre`;
CREATE TABLE IF NOT EXISTS `registre` (
  `id` int NOT NULL AUTO_INCREMENT,
  `mambra_tonga` int NOT NULL,
  `mpamangy` int NOT NULL,
  `nianatra_impito` int NOT NULL,
  `asa_soa` int NOT NULL,
  `fampianarana_baiboly` int NOT NULL,
  `boky_trakta` int NOT NULL,
  `seminera_kaoferansa` int NOT NULL,
  `alasarona` int NOT NULL,
  `nahavita_famp_taratasy` int NOT NULL,
  `batisa_tami` int NOT NULL,
  `fanatitra` double NOT NULL,
  `created_at` date NOT NULL,
  `kilasy_id` int NOT NULL,
  `tonga_rehetra` int DEFAULT NULL,
  `asafi` int NOT NULL,
  `nbr_mambra_kilasy` int DEFAULT NULL,
  PRIMARY KEY (`id`),
  KEY `IDX_D9A9414549602302` (`kilasy_id`)
) ENGINE=InnoDB AUTO_INCREMENT=3660 DEFAULT CHARSET=utf8mb4 COLLATE=utf8mb4_unicode_ci;

--
-- Déchargement des données de la table `registre`
--

INSERT INTO `registre` (`id`, `mambra_tonga`, `mpamangy`, `nianatra_impito`, `asa_soa`, `fampianarana_baiboly`, `boky_trakta`, `seminera_kaoferansa`, `alasarona`, `nahavita_famp_taratasy`, `batisa_tami`, `fanatitra`, `created_at`, `kilasy_id`, `tonga_rehetra`, `asafi`, `nbr_mambra_kilasy`) VALUES
(2990, 9, 1, 3, 0, 0, 0, 0, 0, 0, 0, 2000, '2022-02-19', 12, 10, 0, 11),
(2991, 9, 2, 1, 6, 0, 0, 0, 0, 0, 0, 2300, '2022-02-19', 13, 11, 0, 9),
(2992, 7, 0, 1, 1, 0, 4, 0, 0, 0, 0, 1900, '2022-02-19', 14, 7, 0, 13),
(2993, 6, 0, 1, 2, 2, 0, 5, 0, 1, 0, 1400, '2022-02-19', 15, 6, 0, 9),
(2995, 8, 0, 0, 0, 0, 0, 0, 0, 0, 0, 3100, '2022-02-26', 12, 8, 0, 11),
(2996, 3, 0, 0, 3, 1, 0, 1, 0, 0, 0, 700, '2022-02-26', 13, 3, 0, 9),
(2997, 6, 0, 1, 3, 0, 5, 0, 0, 0, 0, 1900, '2022-02-26', 14, 6, 0, 13),
(2998, 5, 1, 1, 1, 0, 1, 0, 0, 0, 0, 2100, '2022-02-26', 15, 6, 0, 9),
(2999, 5, 2, 2, 7, 1, 0, 0, 0, 0, 0, 4200, '2022-02-26', 16, 7, 0, 18),
(3000, 10, 0, 2, 0, 0, 0, 0, 0, 0, 0, 5200, '2022-03-05', 12, 10, 0, 11),
(3001, 9, 0, 2, 4, 0, 0, 0, 0, 0, 0, 1700, '2022-03-05', 13, 9, 0, 9),
(3002, 8, 0, 7, 4, 0, 0, 0, 0, 0, 0, 3200, '2022-03-05', 14, 8, 0, 13),
(3003, 7, 0, 4, 1, 0, 0, 0, 0, 0, 0, 1900, '2022-03-05', 15, 7, 0, 9),
(3004, 4, 6, 2, 1, 0, 0, 0, 0, 0, 0, 4200, '2022-03-05', 16, 10, 0, 18),
(3005, 8, 0, 2, 0, 0, 0, 0, 0, 0, 0, 3100, '2022-03-12', 12, 8, 0, 11),
(3006, 5, 0, 1, 2, 0, 0, 0, 0, 0, 0, 1300, '2022-03-12', 13, 5, 0, 9),
(3007, 10, 0, 7, 4, 0, 0, 0, 0, 0, 0, 1300, '2022-03-12', 14, 10, 0, 13),
(3008, 6, 2, 2, 2, 0, 1, 0, 0, 0, 0, 4500, '2022-03-12', 15, 8, 0, 9),
(3009, 14, 0, 3, 3, 1, 1, 0, 0, 0, 0, 11400, '2022-03-12', 16, 14, 0, 18),
(3010, 9, 0, 3, 0, 0, 0, 0, 0, 0, 0, 2900, '2022-03-26', 12, 9, 0, 11),
(3011, 9, 0, 0, 2, 0, 0, 0, 0, 0, 0, 2000, '2022-03-26', 13, 9, 0, 9),
(3012, 10, 0, 7, 3, 0, 1, 0, 0, 0, 0, 3200, '2022-03-26', 14, 10, 0, 13),
(3013, 6, 1, 2, 3, 0, 1, 0, 0, 0, 0, 2400, '2022-03-26', 15, 7, 0, 9),
(3014, 7, 0, 3, 7, 1, 0, 0, 0, 0, 0, 6400, '2022-03-26', 16, 7, 0, 18),
(3015, 10, 0, 7, 0, 0, 0, 0, 0, 0, 0, 2500, '2022-04-09', 12, 10, 0, 11),
(3016, 10, 0, 1, 2, 1, 0, 0, 0, 1, 0, 3300, '2022-04-09', 13, 10, 0, 9),
(3017, 8, 1, 5, 3, 0, 0, 0, 0, 0, 0, 1400, '2022-04-09', 14, 9, 0, 13),
(3018, 6, 0, 2, 2, 0, 0, 0, 0, 0, 0, 2700, '2022-04-09', 15, 6, 0, 9),
(3019, 10, 1, 5, 0, 1, 1, 0, 0, 0, 0, 5500, '2022-04-09', 16, 11, 0, 18),
(3020, 10, 1, 7, 0, 0, 0, 0, 0, 0, 0, 2000, '2022-04-23', 12, 11, 0, 11),
(3021, 11, 1, 6, 1, 0, 0, 0, 0, 0, 0, 3100, '2022-04-23', 13, 12, 0, 9),
(3022, 7, 0, 4, 1, 0, 0, 0, 0, 0, 0, 1700, '2022-04-23', 14, 7, 0, 13),
(3023, 4, 0, 3, 1, 0, 1, 0, 0, 0, 0, 1500, '2022-04-23', 15, 4, 0, 9),
(3024, 5, 1, 2, 0, 2, 1, 0, 0, 0, 0, 5800, '2022-04-23', 16, 6, 0, 18),
(3025, 10, 2, 8, 0, 0, 0, 0, 0, 0, 0, 2300, '2022-04-30', 12, 12, 0, 11),
(3026, 12, 0, 5, 1, 0, 0, 0, 0, 0, 0, 1500, '2022-04-30', 13, 12, 0, 9),
(3027, 9, 1, 7, 4, 1, 3, 0, 0, 0, 0, 2000, '2022-04-30', 14, 10, 0, 13),
(3028, 5, 1, 3, 4, 0, 1, 0, 0, 0, 0, 2100, '2022-04-30', 15, 6, 0, 9),
(3029, 9, 0, 4, 2, 5, 3, 0, 0, 0, 0, 6300, '2022-04-30', 16, 9, 0, 18),
(3030, 11, 12, 6, 0, 0, 0, 0, 0, 0, 0, 2500, '2022-05-14', 12, 13, 0, 11),
(3031, 10, 3, 4, 0, 0, 0, 0, 0, 0, 0, 1600, '2022-05-14', 13, 13, 0, 9),
(3032, 10, 1, 4, 6, 0, 0, 0, 0, 0, 0, 3300, '2022-05-14', 14, 11, 0, 13),
(3033, 7, 0, 4, 6, 0, 0, 0, 0, 1, 0, 3300, '2022-05-14', 15, 7, 0, 9),
(3034, 10, 0, 5, 2, 2, 3, 0, 0, 0, 0, 1100, '2022-05-14', 16, 10, 0, 18),
(3035, 7, 1, 3, 0, 0, 0, 0, 0, 0, 0, 2000, '2022-05-07', 12, 8, 0, 11),
(3036, 8, 1, 2, 1, 0, 0, 0, 0, 0, 0, 2400, '2022-05-07', 13, 9, 0, 9),
(3037, 9, 0, 8, 3, 1, 0, 0, 0, 0, 0, 3000, '2022-05-07', 14, 9, 0, 13),
(3038, 11, 1, 2, 3, 1, 0, 0, 0, 0, 0, 3200, '2022-05-07', 15, 12, 0, 9),
(3039, 9, 0, 5, 2, 4, 3, 0, 0, 0, 0, 7100, '2022-05-07', 16, 9, 0, 18),
(3040, 7, 2, 6, 0, 0, 0, 0, 0, 0, 0, 3500, '2022-06-11', 12, 9, 0, 11),
(3041, 7, 0, 1, 3, 0, 0, 0, 0, 0, 0, 1900, '2022-06-11', 13, 7, 0, 9),
(3042, 9, 0, 4, 4, 0, 0, 0, 0, 0, 0, 1800, '2022-06-11', 14, 9, 0, 13),
(3043, 7, 0, 2, 2, 1, 2, 0, 0, 0, 0, 3300, '2022-06-11', 15, 7, 0, 9),
(3044, 10, 0, 3, 5, 2, 7, 0, 0, 0, 0, 6500, '2022-06-11', 16, 10, 0, 18),
(3045, 8, 6, 0, 0, 0, 0, 0, 0, 0, 0, 2900, '2022-06-18', 12, 13, 0, 11),
(3046, 11, 1, 2, 3, 0, 0, 0, 0, 0, 0, 3300, '2022-06-18', 13, 12, 0, 9),
(3047, 8, 0, 6, 6, 1, 0, 0, 0, 0, 0, 1500, '2022-06-18', 14, 8, 0, 13),
(3048, 6, 0, 1, 2, 1, 0, 0, 0, 0, 0, 2100, '2022-06-18', 15, 6, 0, 9),
(3049, 10, 2, 6, 8, 2, 0, 0, 0, 0, 0, 6400, '2022-06-18', 16, 12, 0, 18),
(3050, 10, 2, 6, 0, 0, 0, 0, 0, 0, 0, 3400, '2022-06-25', 12, 12, 0, 11),
(3051, 9, 1, 2, 1, 0, 0, 0, 0, 0, 0, 2200, '2022-06-25', 13, 10, 0, 9),
(3052, 7, 0, 3, 4, 0, 0, 0, 0, 0, 0, 2800, '2022-06-25', 14, 7, 0, 13),
(3053, 6, 1, 1, 3, 0, 0, 0, 0, 0, 0, 2200, '2022-06-25', 15, 7, 0, 9),
(3054, 5, 1, 3, 2, 2, 0, 0, 0, 0, 0, 8100, '2022-06-25', 16, 6, 0, 18),
(3055, 6, 2, 6, 0, 0, 0, 0, 0, 0, 0, 1900, '2022-07-16', 12, 8, 0, 11),
(3056, 6, 0, 3, 4, 0, 0, 0, 0, 0, 0, 2000, '2022-07-16', 15, 6, 0, 9),
(3057, 10, 1, 4, 4, 2, 0, 0, 0, 0, 0, 9400, '2022-07-16', 16, 11, 0, 18),
(3058, 9, 0, 2, 3, 1, 0, 0, 0, 0, 0, 1300, '2022-07-16', 13, 9, 0, 9),
(3059, 8, 1, 6, 4, 0, 0, 0, 0, 0, 0, 2300, '2022-07-16', 14, 9, 0, 13),
(3060, 9, 1, 9, 0, 0, 0, 0, 0, 0, 0, 2300, '2022-07-23', 12, 10, 0, 11),
(3061, 8, 0, 2, 3, 0, 0, 0, 0, 0, 0, 1400, '2022-07-23', 13, 8, 0, 9),
(3062, 6, 0, 3, 2, 0, 0, 0, 6, 0, 0, 1700, '2022-07-23', 14, 6, 0, 13),
(3063, 5, 0, 3, 2, 1, 0, 0, 0, 0, 0, 1500, '2022-07-23', 15, 5, 0, 9),
(3064, 7, 3, 4, 10, 3, 0, 0, 0, 0, 0, 6400, '2022-07-23', 16, 10, 0, 18),
(3065, 4, 1, 1, 0, 0, 0, 0, 0, 0, 0, 0, '2022-08-06', 12, 5, 0, 11),
(3066, 4, 0, 0, 1, 0, 0, 0, 0, 0, 0, 2000, '2022-08-06', 13, 4, 0, 9),
(3067, 7, 0, 3, 0, 0, 0, 0, 0, 0, 0, 2000, '2022-08-06', 14, 7, 0, 13),
(3068, 4, 0, 2, 2, 1, 0, 0, 0, 0, 0, 2000, '2022-08-06', 15, 4, 0, 9),
(3069, 6, 2, 3, 3, 0, 0, 0, 0, 0, 0, 6200, '2022-08-06', 16, 8, 0, 18),
(3070, 1, 0, 0, 0, 0, 0, 0, 0, 0, 0, 0, '2022-08-13', 12, 1, 0, 11),
(3071, 5, 0, 0, 1, 0, 0, 0, 0, 0, 0, 1300, '2022-08-13', 13, 5, 0, 9),
(3072, 3, 0, 1, 0, 0, 0, 0, 0, 0, 0, 3000, '2022-08-13', 14, 3, 0, 13),
(3073, 2, 2, 0, 1, 2, 1, 0, 0, 0, 0, 400, '2022-08-13', 15, 4, 0, 9),
(3074, 7, 1, 1, 2, 0, 0, 0, 0, 0, 0, 5100, '2022-08-13', 16, 8, 0, 18),
(3075, 6, 3, 1, 0, 0, 0, 0, 0, 0, 0, 2800, '2022-08-20', 12, 9, 0, 11),
(3076, 6, 0, 3, 1, 0, 0, 0, 0, 0, 0, 1500, '2022-08-20', 13, 6, 0, 9),
(3077, 4, 0, 0, 4, 2, 1, 2, 2, 1, 0, 2000, '2022-08-20', 14, 4, 0, 13),
(3078, 2, 0, 1, 2, 0, 1, 0, 0, 0, 1, 1500, '2022-08-20', 15, 2, 0, 9),
(3079, 9, 1, 4, 3, 2, 2, 0, 0, 0, 0, 8000, '2022-08-20', 16, 10, 0, 18),
(3080, 6, 0, 1, 0, 0, 0, 0, 0, 0, 0, 4000, '2022-08-27', 12, 6, 0, 11),
(3081, 1, 0, 1, 1, 1, 0, 0, 0, 0, 0, 0, '2022-08-27', 13, 1, 0, 9),
(3082, 8, 9, 2, 5, 0, 0, 0, 0, 0, 0, 3300, '2022-08-27', 14, 17, 0, 13),
(3083, 4, 1, 2, 0, 0, 0, 0, 0, 0, 0, 2100, '2022-08-27', 15, 5, 0, 9),
(3084, 5, 1, 3, 2, 2, 0, 0, 0, 0, 0, 8400, '2022-08-27', 16, 6, 0, 18),
(3085, 10, 0, 3, 0, 0, 0, 0, 0, 0, 0, 2900, '2022-09-10', 12, 10, 0, 11),
(3086, 6, 1, 0, 1, 0, 0, 0, 0, 0, 0, 2600, '2022-09-10', 13, 7, 0, 9),
(3087, 9, 2, 5, 4, 0, 0, 0, 0, 0, 0, 4600, '2022-09-10', 14, 11, 0, 13),
(3088, 3, 4, 1, 2, 0, 0, 0, 0, 0, 0, 1400, '2022-09-10', 15, 7, 0, 9),
(3089, 8, 8, 4, 2, 0, 0, 0, 0, 0, 0, 8500, '2022-09-10', 16, 16, 0, 18),
(3090, 4, 0, 0, 0, 0, 0, 0, 0, 0, 0, 0, '2022-09-17', 12, 4, 0, 11),
(3091, 5, 0, 1, 1, 0, 0, 0, 0, 0, 0, 0, '2022-09-17', 13, 5, 0, 9),
(3092, 7, 0, 3, 0, 0, 0, 0, 0, 0, 0, 0, '2022-09-17', 14, 7, 0, 13),
(3093, 7, 0, 1, 3, 1, 0, 0, 0, 0, 0, 0, '2022-09-17', 15, 7, 0, 9),
(3094, 5, 0, 0, 0, 0, 0, 0, 0, 0, 0, 0, '2022-09-17', 16, 5, 0, 18),
(3095, 10, 1, 4, 0, 0, 0, 0, 0, 0, 0, 2500, '2022-09-24', 12, 11, 0, 11),
(3096, 5, 0, 1, 1, 0, 0, 0, 0, 0, 0, 2300, '2022-09-24', 13, 5, 0, 9),
(3097, 11, 0, 4, 5, 0, 0, 0, 0, 0, 0, 2200, '2022-09-24', 14, 11, 0, 13),
(3098, 7, 0, 3, 4, 0, 0, 0, 0, 0, 0, 2200, '2022-09-24', 15, 7, 0, 9),
(3099, 8, 3, 3, 2, 4, 1, 0, 0, 0, 0, 8100, '2022-09-24', 16, 11, 0, 18),
(3100, 6, 0, 5, 0, 0, 0, 0, 0, 0, 0, 2300, '2022-10-01', 12, 6, 0, 11),
(3101, 9, 1, 3, 4, 1, 0, 0, 0, 0, 0, 3100, '2022-10-01', 13, 9, 0, 9),
(3102, 7, 0, 3, 0, 0, 0, 0, 0, 0, 0, 1500, '2022-10-01', 14, 7, 0, 13),
(3103, 5, 2, 2, 1, 0, 0, 0, 0, 0, 0, 4200, '2022-10-01', 15, 7, 0, 9),
(3104, 10, 3, 3, 1, 3, 0, 0, 0, 0, 0, 6100, '2022-10-01', 16, 13, 0, 18),
(3105, 7, 0, 4, 0, 0, 0, 0, 0, 0, 0, 3900, '2022-10-08', 12, 7, 0, 11),
(3106, 7, 0, 2, 2, 1, 0, 0, 0, 0, 0, 2000, '2022-10-08', 13, 7, 0, 9),
(3107, 3, 0, 2, 1, 0, 0, 0, 0, 0, 0, 800, '2022-10-08', 14, 3, 0, 13),
(3108, 5, 0, 2, 2, 2, 0, 0, 2, 0, 0, 2400, '2022-10-08', 15, 5, 0, 9),
(3109, 10, 4, 3, 4, 0, 0, 0, 0, 0, 0, 8300, '2022-10-08', 16, 14, 0, 18),
(3110, 6, 0, 4, 0, 0, 0, 0, 0, 0, 0, 3200, '2022-10-15', 12, 6, 0, 11),
(3111, 4, 1, 3, 0, 0, 0, 0, 0, 0, 0, 3000, '2022-10-15', 13, 5, 0, 9),
(3112, 10, 0, 7, 3, 0, 0, 0, 0, 0, 0, 2000, '2022-10-15', 14, 10, 0, 13),
(3113, 7, 1, 4, 0, 0, 0, 0, 4, 0, 0, 3400, '2022-10-15', 15, 8, 0, 9),
(3114, 6, 2, 3, 4, 0, 0, 0, 0, 0, 0, 5400, '2022-10-15', 16, 8, 0, 18),
(3115, 9, 1, 1, 0, 0, 0, 0, 0, 0, 0, 2100, '2022-10-29', 12, 10, 0, 11),
(3116, 8, 0, 3, 5, 1, 0, 0, 0, 0, 0, 3100, '2022-10-29', 13, 8, 0, 9),
(3117, 10, 0, 7, 4, 0, 0, 0, 0, 0, 0, 2800, '2022-10-29', 14, 10, 0, 13),
(3118, 7, 0, 4, 2, 5, 0, 0, 5, 0, 0, 3700, '2022-10-29', 15, 7, 0, 9),
(3119, 7, 2, 3, 8, 8, 0, 0, 0, 0, 0, 7200, '2022-10-29', 16, 9, 0, 18),
(3120, 9, 2, 3, 0, 0, 0, 0, 0, 0, 0, 3100, '2022-11-05', 12, 11, 0, 11),
(3121, 9, 0, 1, 3, 0, 0, 0, 0, 0, 0, 1500, '2022-11-05', 13, 9, 0, 9),
(3122, 8, 0, 6, 3, 0, 0, 0, 0, 0, 0, 1800, '2022-11-05', 14, 8, 0, 13),
(3123, 5, 0, 3, 3, 5, 0, 0, 5, 0, 0, 1500, '2022-11-05', 15, 5, 0, 9),
(3124, 13, 0, 3, 5, 0, 0, 0, 0, 0, 0, 6900, '2022-11-05', 16, 13, 0, 18),
(3125, 10, 7, 5, 0, 0, 0, 0, 0, 0, 0, 4100, '2022-11-12', 12, 17, 0, 11),
(3126, 9, 3, 0, 0, 0, 0, 0, 0, 0, 0, 1600, '2022-11-12', 13, 12, 0, 9),
(3127, 7, 0, 6, 4, 0, 0, 0, 7, 0, 0, 900, '2022-11-12', 14, 7, 0, 13),
(3128, 4, 0, 1, 4, 0, 0, 0, 8, 0, 0, 1000, '2022-11-12', 15, 4, 0, 9),
(3129, 7, 5, 2, 0, 4, 3, 0, 0, 0, 0, 7000, '2022-11-12', 16, 12, 0, 18),
(3130, 4, 2, 3, 0, 0, 0, 0, 0, 0, 0, 1300, '2022-11-26', 12, 6, 0, 11),
(3131, 4, 0, 0, 4, 0, 0, 0, 0, 0, 0, 100, '2022-11-26', 13, 4, 0, 9),
(3132, 9, 0, 2, 6, 0, 0, 0, 3, 0, 0, 1500, '2022-11-26', 14, 9, 0, 13),
(3133, 5, 1, 2, 0, 0, 0, 0, 0, 0, 0, 1800, '2022-11-26', 15, 6, 0, 9),
(3134, 7, 4, 3, 0, 3, 0, 0, 0, 0, 0, 4300, '2022-11-26', 16, 11, 0, 18),
(3135, 8, 3, 3, 0, 0, 0, 0, 0, 0, 0, 3800, '2022-12-03', 12, 11, 0, 11),
(3136, 7, 0, 0, 4, 0, 0, 0, 0, 0, 0, 1700, '2022-12-03', 13, 7, 0, 9),
(3137, 9, 0, 6, 7, 0, 0, 0, 4, 0, 0, 1800, '2022-12-03', 14, 9, 0, 13),
(3138, 3, 0, 1, 1, 1, 0, 0, 0, 0, 0, 1500, '2022-12-03', 15, 3, 0, 9),
(3139, 8, 1, 3, 5, 6, 0, 1, 0, 0, 0, 9200, '2022-12-03', 16, 9, 0, 18),
(3140, 8, 2, 4, 0, 0, 0, 0, 0, 0, 0, 4100, '2022-12-10', 12, 10, 0, 11),
(3141, 6, 0, 3, 0, 0, 0, 0, 0, 0, 0, 1800, '2022-12-10', 13, 6, 0, 9),
(3142, 12, 0, 5, 5, 0, 0, 0, 10, 8, 0, 2200, '2022-12-10', 14, 12, 0, 13),
(3143, 3, 0, 3, 1, 1, 0, 0, 0, 0, 0, 2500, '2022-12-10', 15, 3, 0, 9),
(3144, 6, 2, 3, 1, 3, 0, 0, 0, 0, 0, 5900, '2022-12-10', 16, 8, 0, 18),
(3145, 7, 2, 3, 0, 0, 0, 0, 0, 0, 0, 1500, '2022-12-17', 12, 9, 0, 11),
(3146, 4, 0, 3, 4, 0, 0, 0, 0, 0, 0, 1000, '2022-12-17', 13, 4, 0, 9),
(3147, 8, 0, 5, 3, 0, 0, 0, 0, 0, 0, 2000, '2022-12-17', 14, 8, 0, 13),
(3148, 5, 0, 2, 2, 0, 0, 0, 5, 0, 0, 2000, '2022-12-17', 15, 5, 0, 9),
(3149, 6, 0, 1, 3, 4, 0, 0, 0, 0, 0, 5600, '2022-12-17', 16, 6, 0, 18),
(3150, 6, 0, 0, 0, 0, 0, 0, 0, 0, 0, 0, '2022-12-31', 12, 6, 0, 11),
(3151, 9, 0, 2, 6, 0, 0, 0, 0, 0, 0, 1500, '2022-12-31', 13, 9, 0, 9),
(3152, 7, 0, 3, 2, 0, 0, 0, 0, 0, 0, 2100, '2022-12-31', 14, 7, 0, 13),
(3153, 4, 0, 1, 4, 2, 1, 0, 0, 0, 0, 1500, '2022-12-31', 15, 4, 0, 9),
(3154, 8, 0, 2, 7, 4, 0, 0, 0, 0, 0, 6300, '2022-12-31', 16, 8, 0, 18),
(3155, 5, 2, 4, 0, 0, 0, 0, 0, 0, 0, 1400, '2023-01-07', 12, 7, 0, 11),
(3156, 8, 0, 4, 4, 0, 0, 0, 0, 0, 0, 2000, '2023-01-07', 13, 8, 0, 9),
(3157, 12, 0, 7, 0, 0, 0, 0, 0, 0, 0, 3400, '2023-01-07', 14, 12, 0, 13),
(3158, 6, 0, 5, 4, 3, 0, 0, 0, 0, 0, 1500, '2023-01-07', 15, 6, 0, 9),
(3159, 9, 5, 6, 1, 2, 0, 0, 1, 0, 0, 8400, '2023-01-07', 16, 14, 0, 18),
(3160, 7, 0, 3, 0, 0, 0, 0, 0, 0, 0, 1700, '2023-01-14', 12, 7, 0, 11),
(3161, 8, 0, 1, 4, 0, 0, 0, 0, 0, 0, 2500, '2023-01-14', 13, 8, 0, 9),
(3162, 11, 0, 6, 8, 0, 0, 11, 0, 0, 0, 4100, '2023-01-14', 14, 11, 0, 13),
(3163, 6, 2, 6, 3, 0, 0, 0, 0, 0, 0, 3100, '2023-01-14', 15, 8, 0, 9),
(3164, 8, 2, 5, 0, 2, 0, 0, 0, 0, 0, 11600, '2023-01-14', 16, 10, 0, 18),
(3165, 8, 3, 3, 0, 0, 0, 0, 0, 0, 0, 1600, '2023-01-21', 12, 11, 0, 11),
(3166, 5, 0, 4, 3, 0, 0, 0, 0, 0, 0, 3400, '2023-01-21', 13, 5, 0, 9),
(3167, 8, 0, 6, 3, 0, 0, 8, 0, 0, 0, 1600, '2023-01-21', 14, 8, 0, 13),
(3168, 5, 1, 5, 3, 1, 0, 0, 0, 0, 0, 3100, '2023-01-21', 15, 6, 0, 9),
(3169, 11, 1, 4, 2, 2, 0, 0, 0, 0, 0, 10000, '2023-01-21', 16, 12, 0, 18),
(3170, 8, 0, 2, 0, 0, 0, 0, 0, 0, 0, 1800, '2023-01-28', 12, 8, 0, 11),
(3171, 6, 0, 0, 6, 0, 0, 0, 0, 0, 0, 1600, '2023-01-28', 13, 6, 0, 9),
(3172, 11, 0, 10, 5, 0, 0, 0, 0, 0, 0, 2100, '2023-01-28', 14, 11, 0, 13),
(3173, 7, 0, 6, 4, 0, 0, 0, 0, 0, 0, 3400, '2023-01-28', 15, 7, 0, 9),
(3174, 11, 3, 3, 5, 0, 0, 0, 0, 0, 0, 8800, '2023-01-28', 16, 14, 8, 18),
(3175, 8, 0, 3, 0, 0, 0, 0, 0, 0, 0, 3300, '2023-02-04', 12, 8, 0, 11),
(3176, 6, 3, 1, 4, 0, 0, 0, 0, 0, 0, 3100, '2023-02-04', 13, 9, 0, 9),
(3177, 8, 0, 7, 8, 0, 0, 0, 0, 0, 0, 2000, '2023-02-04', 14, 8, 0, 13),
(3178, 6, 0, 4, 2, 0, 0, 0, 0, 0, 0, 4400, '2023-02-04', 15, 6, 1, 9),
(3179, 7, 1, 2, 1, 2, 1, 0, 0, 0, 0, 10000, '2023-02-04', 16, 8, 10, 18),
(3180, 3, 0, 3, 2, 0, 0, 0, 0, 0, 0, 900, '2023-02-11', 12, 3, 0, 11),
(3181, 8, 3, 2, 5, 0, 0, 0, 0, 0, 0, 3900, '2023-02-11', 13, 11, 0, 9),
(3182, 8, 0, 7, 5, 0, 2, 0, 0, 0, 0, 3600, '2023-02-11', 14, 8, 1, 13),
(3183, 8, 1, 4, 4, 0, 1, 0, 0, 0, 0, 2700, '2023-02-11', 15, 8, 1, 9),
(3184, 9, 4, 4, 1, 2, 0, 0, 0, 0, 0, 11600, '2023-02-11', 16, 13, 0, 18),
(3185, 6, 1, 3, 0, 0, 0, 0, 0, 0, 0, 4300, '2023-02-25', 12, 7, 0, 11),
(3186, 6, 0, 0, 4, 0, 0, 0, 0, 0, 0, 1900, '2023-02-25', 13, 6, 0, 9),
(3187, 9, 0, 7, 12, 0, 0, 0, 0, 0, 0, 3100, '2023-02-25', 14, 9, 1, 13),
(3188, 6, 0, 3, 5, 0, 0, 0, 0, 0, 0, 2300, '2023-02-25', 15, 6, 1, 9),
(3189, 9, 1, 4, 7, 2, 0, 0, 0, 0, 0, 11500, '2023-02-25', 16, 10, 0, 18),
(3190, 9, 1, 4, 0, 0, 0, 0, 0, 0, 0, 4200, '2023-03-04', 12, 10, 0, 11),
(3191, 7, 0, 0, 2, 0, 0, 0, 0, 0, 0, 2000, '2023-03-04', 13, 7, 0, 9),
(3192, 12, 0, 9, 9, 0, 0, 0, 0, 0, 0, 3000, '2023-03-04', 14, 12, 0, 13),
(3193, 4, 0, 4, 3, 0, 0, 0, 0, 0, 0, 3500, '2023-03-04', 15, 4, 0, 9),
(3194, 8, 1, 2, 4, 4, 0, 0, 0, 0, 0, 5300, '2023-03-04', 16, 9, 0, 18),
(3195, 8, 1, 3, 0, 0, 0, 0, 0, 0, 0, 3700, '2023-03-25', 12, 9, 0, 11),
(3196, 10, 0, 1, 4, 0, 0, 0, 0, 0, 0, 1500, '2023-03-25', 13, 10, 0, 9),
(3197, 10, 0, 6, 20, 1, 0, 0, 0, 0, 0, 3300, '2023-03-25', 14, 10, 0, 13),
(3198, 6, 1, 4, 1, 0, 0, 0, 0, 0, 0, 12900, '2023-03-25', 15, 7, 1, 9),
(3199, 8, 0, 4, 4, 0, 0, 0, 0, 0, 0, 6800, '2023-03-25', 16, 8, 5, 18),
(3200, 10, 0, 3, 0, 0, 0, 0, 0, 0, 0, 2300, '2023-04-01', 12, 10, 0, 11),
(3201, 8, 1, 3, 6, 0, 0, 0, 0, 0, 0, 1800, '2023-04-01', 13, 9, 0, 9),
(3202, 9, 0, 9, 15, 0, 0, 0, 0, 0, 0, 2600, '2023-04-01', 14, 9, 0, 13),
(3203, 5, 1, 4, 2, 0, 0, 0, 0, 0, 0, 13700, '2023-04-01', 15, 6, 3, 9),
(3204, 15, 1, 7, 3, 0, 0, 0, 2, 0, 0, 9200, '2023-04-01', 16, 16, 8, 18),
(3205, 7, 2, 2, 0, 0, 0, 0, 0, 0, 0, 1700, '2023-04-08', 12, 9, 0, 11),
(3206, 9, 1, 5, 0, 0, 0, 0, 0, 0, 0, 1900, '2023-04-08', 13, 10, 3, 9),
(3207, 7, 0, 4, 10, 0, 0, 0, 0, 0, 0, 3200, '2023-04-08', 14, 7, 0, 13),
(3208, 4, 7, 3, 1, 0, 0, 0, 0, 0, 0, 13100, '2023-04-08', 15, 11, 0, 9),
(3209, 6, 7, 3, 4, 5, 10, 0, 0, 0, 0, 11400, '2023-04-08', 16, 13, 0, 18),
(3210, 2, 0, 0, 0, 0, 0, 0, 0, 0, 0, 2000, '2023-04-15', 12, 2, 0, 11),
(3211, 1, 0, 1, 0, 0, 0, 0, 0, 0, 0, 200, '2023-04-15', 13, 1, 0, 9),
(3212, 5, 2, 4, 3, 0, 0, 0, 0, 0, 0, 1700, '2023-04-15', 14, 7, 0, 13),
(3213, 3, 1, 1, 1, 0, 0, 0, 0, 0, 0, 10700, '2023-04-15', 15, 4, 1, 9),
(3214, 5, 6, 3, 7, 0, 0, 0, 0, 0, 0, 6200, '2023-04-15', 16, 11, 6, 18),
(3215, 7, 2, 2, 0, 0, 0, 0, 0, 0, 0, 1900, '2023-04-29', 12, 9, 0, 11),
(3216, 8, 0, 2, 3, 0, 0, 0, 0, 0, 0, 2400, '2023-04-29', 13, 8, 0, 9),
(3217, 8, 1, 3, 8, 0, 0, 1, 0, 0, 0, 1800, '2023-04-29', 14, 9, 0, 13),
(3218, 5, 0, 5, 2, 0, 0, 0, 0, 0, 0, 11500, '2023-04-29', 15, 5, 0, 9),
(3219, 7, 4, 3, 2, 0, 0, 0, 0, 0, 0, 7000, '2023-04-29', 16, 11, 4, 18),
(3220, 7, 2, 3, 0, 0, 0, 0, 0, 0, 0, 6200, '2023-05-06', 12, 9, 0, 11),
(3221, 5, 0, 3, 2, 0, 0, 0, 0, 0, 0, 11700, '2023-05-06', 15, 5, 0, 9),
(3222, 7, 0, 3, 2, 0, 0, 0, 0, 0, 0, 1200, '2023-05-06', 13, 7, 0, 9),
(3223, 10, 0, 7, 20, 0, 0, 0, 0, 0, 0, 4100, '2023-05-06', 14, 10, 1, 13),
(3224, 9, 2, 2, 0, 0, 0, 0, 0, 0, 0, 6800, '2023-05-06', 16, 11, 4, 18),
(3225, 11, 6, 5, 0, 0, 0, 0, 0, 0, 0, 2500, '2023-05-13', 12, 17, 0, 11),
(3226, 6, 2, 3, 0, 5, 0, 0, 0, 0, 0, 1300, '2023-05-13', 13, 8, 3, 9),
(3227, 10, 0, 8, 11, 0, 0, 7, 0, 0, 0, 3100, '2023-05-13', 14, 10, 0, 13),
(3228, 4, 0, 3, 2, 0, 0, 0, 0, 0, 0, 13000, '2023-05-13', 15, 4, 2, 9),
(3229, 7, 2, 2, 0, 0, 0, 0, 0, 0, 0, 5300, '2023-05-13', 16, 9, 9, 18),
(3230, 11, 9, 6, 0, 0, 0, 0, 0, 0, 0, 3000, '2023-05-27', 12, 20, 0, 11),
(3231, 10, 4, 2, 3, 0, 0, 0, 0, 0, 0, 1600, '2023-05-27', 13, 14, 0, 10),
(3232, 9, 0, 4, 15, 0, 0, 0, 0, 0, 0, 4200, '2023-05-27', 14, 9, 1, 13),
(3233, 4, 2, 1, 1, 1, 0, 0, 0, 0, 0, 11500, '2023-05-27', 15, 6, 1, 9),
(3234, 10, 1, 4, 3, 0, 0, 0, 0, 0, 0, 10000, '2023-05-27', 16, 11, 3, 18),
(3235, 10, 6, 5, 0, 0, 0, 0, 0, 0, 0, 2800, '2023-06-03', 12, 16, 0, 11),
(3236, 7, 1, 1, 2, 0, 0, 0, 0, 0, 0, 2000, '2023-06-03', 13, 8, 0, 10),
(3237, 10, 0, 5, 12, 0, 0, 0, 0, 0, 0, 3200, '2023-06-03', 14, 10, 0, 13),
(3238, 5, 1, 4, 4, 1, 0, 0, 0, 0, 0, 12300, '2023-06-03', 15, 6, 0, 9),
(3239, 14, 2, 4, 10, 0, 0, 0, 0, 0, 0, 11400, '2023-06-03', 16, 16, 10, 18),
(3240, 10, 5, 6, 0, 0, 0, 0, 0, 0, 0, 2300, '2023-06-17', 12, 15, 0, 11),
(3241, 8, 1, 2, 0, 0, 0, 0, 0, 0, 0, 1200, '2023-06-17', 13, 9, 0, 10),
(3242, 10, 0, 4, 17, 0, 0, 0, 0, 0, 0, 2600, '2023-06-17', 14, 10, 2, 13),
(3243, 2, 0, 0, 2, 0, 0, 0, 0, 0, 0, 11000, '2023-06-17', 15, 2, 0, 9),
(3244, 10, 1, 4, 7, 4, 0, 0, 0, 0, 0, 6800, '2023-06-17', 16, 11, 5, 18),
(3245, 6, 1, 6, 0, 0, 0, 0, 0, 0, 0, 2000, '2023-06-24', 12, 7, 0, 11),
(3246, 8, 1, 2, 5, 0, 0, 0, 0, 0, 0, 1600, '2023-06-24', 13, 9, 0, 10),
(3247, 7, 0, 4, 14, 0, 0, 0, 0, 0, 0, 3100, '2023-06-24', 14, 7, 0, 13),
(3248, 5, 0, 2, 3, 0, 1, 0, 0, 0, 0, 10900, '2023-06-24', 15, 5, 1, 9),
(3249, 7, 2, 4, 2, 3, 0, 0, 0, 0, 0, 6400, '2023-06-24', 16, 9, 0, 18),
(3250, 7, 2, 7, 0, 0, 0, 0, 0, 0, 0, 1800, '2023-07-01', 12, 9, 0, 11),
(3251, 4, 0, 2, 4, 0, 0, 0, 0, 0, 0, 1000, '2023-07-01', 13, 4, 0, 10),
(3252, 7, 0, 5, 0, 0, 0, 0, 0, 0, 0, 2400, '2023-07-01', 14, 7, 4, 13),
(3253, 6, 0, 4, 3, 0, 0, 0, 0, 0, 0, 12400, '2023-07-01', 15, 6, 1, 9),
(3254, 4, 1, 2, 5, 0, 0, 0, 0, 0, 0, 2800, '2023-07-01', 16, 5, 4, 18),
(3260, 8, 3, 5, 0, 0, 0, 0, 0, 0, 0, 2800, '2023-07-08', 12, 11, 0, 11),
(3261, 4, 4, 1, 0, 0, 0, 0, 0, 0, 0, 1300, '2023-07-15', 12, 8, 0, 11),
(3262, 4, 0, 3, 8, 0, 0, 0, 0, 0, 0, 0, '2023-07-08', 13, 4, 0, 10),
(3263, 5, 0, 5, 4, 0, 0, 0, 0, 0, 0, 0, '2023-07-15', 13, 5, 0, 10),
(3264, 7, 0, 3, 7, 0, 0, 0, 0, 0, 0, 2800, '2023-07-08', 14, 7, 0, 13),
(3265, 6, 4, 7, 9, 0, 0, 0, 0, 0, 0, 3300, '2023-07-15', 14, 10, 2, 13),
(3266, 5, 1, 3, 4, 0, 0, 0, 0, 0, 0, 11500, '2023-07-08', 15, 6, 1, 9),
(3267, 4, 1, 1, 3, 0, 0, 0, 0, 0, 0, 11200, '2023-07-15', 15, 5, 0, 9),
(3268, 6, 3, 4, 11, 1, 0, 0, 0, 0, 0, 7300, '2023-07-08', 16, 9, 3, 18),
(3269, 9, 1, 6, 4, 4, 0, 0, 0, 0, 0, 8700, '2023-07-15', 16, 10, 2, 18),
(3271, 6, 2, 1, 0, 0, 0, 0, 0, 0, 0, 2400, '2023-07-22', 12, 8, 0, 11),
(3272, 8, 0, 2, 5, 0, 0, 0, 0, 0, 0, 0, '2023-07-22', 13, 8, 0, 10),
(3273, 7, 1, 6, 16, 0, 0, 0, 0, 0, 0, 3600, '2023-07-22', 14, 8, 0, 13),
(3274, 5, 1, 4, 2, 0, 0, 0, 0, 0, 0, 13400, '2023-07-22', 15, 6, 1, 10),
(3275, 8, 1, 3, 2, 0, 0, 0, 0, 0, 0, 10200, '2023-07-22', 16, 9, 3, 18),
(3276, 8, 5, 5, 0, 0, 0, 0, 0, 0, 0, 1800, '2023-07-29', 12, 13, 6, 11),
(3277, 10, 1, 3, 5, 0, 0, 0, 0, 0, 0, 2200, '2023-07-29', 13, 11, 0, 10),
(3278, 6, 0, 6, 5, 0, 0, 0, 0, 0, 0, 3400, '2023-07-29', 14, 6, 1, 13),
(3279, 5, 0, 4, 0, 0, 0, 0, 0, 0, 0, 12100, '2023-07-29', 15, 5, 1, 10),
(3281, 9, 1, 4, 4, 0, 0, 0, 1, 0, 0, 8800, '2023-07-29', 16, 10, 1, 18),
(3282, 5, 4, 5, 2, 0, 0, 0, 0, 0, 0, 2700, '2023-08-12', 12, 9, 0, 11),
(3283, 4, 1, 3, 2, 0, 0, 0, 0, 0, 0, 1600, '2023-08-12', 13, 5, 0, 10),
(3284, 7, 2, 5, 7, 0, 0, 0, 0, 0, 0, 3700, '2023-08-12', 14, 9, 0, 13),
(3285, 4, 1, 3, 3, 0, 0, 0, 0, 0, 0, 2000, '2023-08-12', 15, 5, 1, 10),
(3286, 8, 1, 5, 5, 4, 0, 0, 0, 0, 0, 7500, '2023-08-12', 16, 9, 5, 18),
(3287, 7, 3, 3, 7, 0, 0, 0, 0, 0, 0, 2600, '2023-08-19', 12, 10, 0, 11),
(3288, 5, 1, 2, 4, 0, 0, 0, 0, 0, 0, 2000, '2023-08-19', 13, 6, 0, 10),
(3289, 8, 0, 3, 8, 0, 0, 0, 0, 0, 0, 3700, '2023-08-19', 14, 8, 1, 13),
(3290, 5, 1, 3, 2, 0, 0, 0, 0, 0, 0, 3000, '2023-08-19', 15, 6, 0, 10),
(3291, 7, 3, 3, 3, 2, 1, 0, 0, 0, 0, 20000, '2023-08-19', 16, 10, 4, 18),
(3292, 8, 3, 6, 5, 0, 0, 0, 0, 0, 0, 3300, '2023-08-26', 12, 11, 0, 11),
(3293, 6, 0, 2, 3, 0, 0, 0, 0, 0, 0, 200, '2023-08-26', 13, 6, 0, 10),
(3294, 5, 0, 5, 7, 0, 0, 0, 0, 0, 0, 4000, '2023-08-26', 14, 5, 0, 13),
(3295, 3, 0, 2, 0, 0, 0, 0, 24, 0, 0, 1700, '2023-08-26', 15, 3, 0, 10),
(3296, 9, 1, 4, 2, 1, 0, 0, 0, 0, 0, 5000, '2023-08-26', 16, 10, 3, 18),
(3333, 9, 1, 3, 0, 0, 0, 0, 0, 0, 0, 2000, '2022-02-19', 12, 10, 0, 11),
(3334, 9, 2, 1, 6, 0, 0, 0, 0, 0, 0, 2300, '2022-02-19', 13, 11, 0, 9),
(3335, 7, 0, 1, 1, 0, 4, 0, 0, 0, 0, 1900, '2022-02-19', 14, 7, 0, 13),
(3336, 6, 0, 1, 2, 2, 0, 5, 0, 1, 0, 1400, '2022-02-19', 15, 6, 0, 9),
(3337, 0, 0, 0, 0, 0, 0, 0, 0, 0, 0, 0, '2022-02-19', 16, 0, 0, 18),
(3338, 8, 0, 0, 0, 0, 0, 0, 0, 0, 0, 3100, '2022-02-26', 12, 8, 0, 11),
(3339, 3, 0, 0, 3, 1, 0, 1, 0, 0, 0, 700, '2022-02-26', 13, 3, 0, 9),
(3340, 6, 0, 1, 3, 0, 5, 0, 0, 0, 0, 1900, '2022-02-26', 14, 6, 0, 13),
(3341, 5, 1, 1, 1, 0, 1, 0, 0, 0, 0, 2100, '2022-02-26', 15, 6, 0, 9),
(3342, 5, 2, 2, 7, 1, 0, 0, 0, 0, 0, 4200, '2022-02-26', 16, 7, 0, 18),
(3343, 10, 0, 2, 0, 0, 0, 0, 0, 0, 0, 5200, '2022-03-05', 12, 10, 0, 11),
(3344, 9, 0, 2, 4, 0, 0, 0, 0, 0, 0, 1700, '2022-03-05', 13, 9, 0, 9),
(3345, 8, 0, 7, 4, 0, 0, 0, 0, 0, 0, 3200, '2022-03-05', 14, 8, 0, 13),
(3346, 7, 0, 4, 1, 0, 0, 0, 0, 0, 0, 1900, '2022-03-05', 15, 7, 0, 9),
(3347, 4, 6, 2, 1, 0, 0, 0, 0, 0, 0, 4200, '2022-03-05', 16, 10, 0, 18),
(3348, 8, 0, 2, 0, 0, 0, 0, 0, 0, 0, 3100, '2022-03-12', 12, 8, 0, 11),
(3349, 5, 0, 1, 2, 0, 0, 0, 0, 0, 0, 1300, '2022-03-12', 13, 5, 0, 9),
(3350, 10, 0, 7, 4, 0, 0, 0, 0, 0, 0, 1300, '2022-03-12', 14, 10, 0, 13),
(3351, 6, 2, 2, 2, 0, 1, 0, 0, 0, 0, 4500, '2022-03-12', 15, 8, 0, 9),
(3352, 14, 0, 3, 3, 1, 1, 0, 0, 0, 0, 11400, '2022-03-12', 16, 14, 0, 18),
(3353, 9, 0, 3, 0, 0, 0, 0, 0, 0, 0, 2900, '2022-03-26', 12, 9, 0, 11),
(3354, 9, 0, 0, 2, 0, 0, 0, 0, 0, 0, 2000, '2022-03-26', 13, 9, 0, 9),
(3355, 10, 0, 7, 3, 0, 1, 0, 0, 0, 0, 3200, '2022-03-26', 14, 10, 0, 13),
(3356, 6, 1, 2, 3, 0, 1, 0, 0, 0, 0, 2400, '2022-03-26', 15, 7, 0, 9),
(3357, 7, 0, 3, 7, 1, 0, 0, 0, 0, 0, 6400, '2022-03-26', 16, 7, 0, 18),
(3358, 10, 0, 7, 0, 0, 0, 0, 0, 0, 0, 2500, '2022-04-09', 12, 10, 0, 11),
(3359, 10, 0, 1, 2, 1, 0, 0, 0, 1, 0, 3300, '2022-04-09', 13, 10, 0, 9),
(3360, 8, 1, 5, 3, 0, 0, 0, 0, 0, 0, 1400, '2022-04-09', 14, 9, 0, 13),
(3361, 6, 0, 2, 2, 0, 0, 0, 0, 0, 0, 2700, '2022-04-09', 15, 6, 0, 9),
(3362, 10, 1, 5, 0, 1, 1, 0, 0, 0, 0, 5500, '2022-04-09', 16, 11, 0, 18),
(3363, 10, 1, 7, 0, 0, 0, 0, 0, 0, 0, 2000, '2022-04-23', 12, 11, 0, 11),
(3364, 11, 1, 6, 1, 0, 0, 0, 0, 0, 0, 3100, '2022-04-23', 13, 12, 0, 9),
(3365, 7, 0, 4, 1, 0, 0, 0, 0, 0, 0, 1700, '2022-04-23', 14, 7, 0, 13),
(3366, 4, 0, 3, 1, 0, 1, 0, 0, 0, 0, 1500, '2022-04-23', 15, 4, 0, 9),
(3367, 5, 1, 2, 0, 2, 1, 0, 0, 0, 0, 5800, '2022-04-23', 16, 6, 0, 18),
(3368, 10, 2, 8, 0, 0, 0, 0, 0, 0, 0, 2300, '2022-04-30', 12, 12, 0, 11),
(3369, 12, 0, 5, 1, 0, 0, 0, 0, 0, 0, 1500, '2022-04-30', 13, 12, 0, 9),
(3370, 9, 1, 7, 4, 1, 3, 0, 0, 0, 0, 2000, '2022-04-30', 14, 10, 0, 13),
(3371, 5, 1, 3, 4, 0, 1, 0, 0, 0, 0, 2100, '2022-04-30', 15, 6, 0, 9),
(3372, 9, 0, 4, 2, 5, 3, 0, 0, 0, 0, 6300, '2022-04-30', 16, 9, 0, 18),
(3373, 11, 12, 6, 0, 0, 0, 0, 0, 0, 0, 2500, '2022-05-14', 12, 13, 0, 11),
(3374, 10, 3, 4, 0, 0, 0, 0, 0, 0, 0, 1600, '2022-05-14', 13, 13, 0, 9),
(3375, 10, 1, 4, 6, 0, 0, 0, 0, 0, 0, 3300, '2022-05-14', 14, 11, 0, 13),
(3376, 7, 0, 4, 6, 0, 0, 0, 0, 1, 0, 3300, '2022-05-14', 15, 7, 0, 9),
(3377, 10, 0, 5, 2, 2, 3, 0, 0, 0, 0, 1100, '2022-05-14', 16, 10, 0, 18),
(3378, 7, 1, 3, 0, 0, 0, 0, 0, 0, 0, 2000, '2022-05-07', 12, 8, 0, 11),
(3379, 8, 1, 2, 1, 0, 0, 0, 0, 0, 0, 2400, '2022-05-07', 13, 9, 0, 9),
(3380, 9, 0, 8, 3, 1, 0, 0, 0, 0, 0, 3000, '2022-05-07', 14, 9, 0, 13),
(3381, 11, 1, 2, 3, 1, 0, 0, 0, 0, 0, 3200, '2022-05-07', 15, 12, 0, 9),
(3382, 9, 0, 5, 2, 4, 3, 0, 0, 0, 0, 7100, '2022-05-07', 16, 9, 0, 18),
(3383, 7, 2, 6, 0, 0, 0, 0, 0, 0, 0, 3500, '2022-06-11', 12, 9, 0, 11),
(3384, 7, 0, 1, 3, 0, 0, 0, 0, 0, 0, 1900, '2022-06-11', 13, 7, 0, 9),
(3385, 9, 0, 4, 4, 0, 0, 0, 0, 0, 0, 1800, '2022-06-11', 14, 9, 0, 13),
(3386, 7, 0, 2, 2, 1, 2, 0, 0, 0, 0, 3300, '2022-06-11', 15, 7, 0, 9),
(3387, 10, 0, 3, 5, 2, 7, 0, 0, 0, 0, 6500, '2022-06-11', 16, 10, 0, 18),
(3388, 8, 6, 0, 0, 0, 0, 0, 0, 0, 0, 2900, '2022-06-18', 12, 13, 0, 11),
(3389, 11, 1, 2, 3, 0, 0, 0, 0, 0, 0, 3300, '2022-06-18', 13, 12, 0, 9),
(3390, 8, 0, 6, 6, 1, 0, 0, 0, 0, 0, 1500, '2022-06-18', 14, 8, 0, 13),
(3391, 6, 0, 1, 2, 1, 0, 0, 0, 0, 0, 2100, '2022-06-18', 15, 6, 0, 9),
(3392, 10, 2, 6, 8, 2, 0, 0, 0, 0, 0, 6400, '2022-06-18', 16, 12, 0, 18),
(3393, 10, 2, 6, 0, 0, 0, 0, 0, 0, 0, 3400, '2022-06-25', 12, 12, 0, 11),
(3394, 9, 1, 2, 1, 0, 0, 0, 0, 0, 0, 2200, '2022-06-25', 13, 10, 0, 9),
(3395, 7, 0, 3, 4, 0, 0, 0, 0, 0, 0, 2800, '2022-06-25', 14, 7, 0, 13),
(3396, 6, 1, 1, 3, 0, 0, 0, 0, 0, 0, 2200, '2022-06-25', 15, 7, 0, 9),
(3397, 5, 1, 3, 2, 2, 0, 0, 0, 0, 0, 8100, '2022-06-25', 16, 6, 0, 18),
(3398, 6, 2, 6, 0, 0, 0, 0, 0, 0, 0, 1900, '2022-07-16', 12, 8, 0, 11),
(3399, 6, 0, 3, 4, 0, 0, 0, 0, 0, 0, 2000, '2022-07-16', 15, 6, 0, 9),
(3400, 10, 1, 4, 4, 2, 0, 0, 0, 0, 0, 9400, '2022-07-16', 16, 11, 0, 18),
(3401, 9, 0, 2, 3, 1, 0, 0, 0, 0, 0, 1300, '2022-07-16', 13, 9, 0, 9),
(3402, 8, 1, 6, 4, 0, 0, 0, 0, 0, 0, 2300, '2022-07-16', 14, 9, 0, 13),
(3403, 9, 1, 9, 0, 0, 0, 0, 0, 0, 0, 2300, '2022-07-23', 12, 10, 0, 11),
(3404, 8, 0, 2, 3, 0, 0, 0, 0, 0, 0, 1400, '2022-07-23', 13, 8, 0, 9),
(3405, 6, 0, 3, 2, 0, 0, 0, 6, 0, 0, 1700, '2022-07-23', 14, 6, 0, 13),
(3406, 5, 0, 3, 2, 1, 0, 0, 0, 0, 0, 1500, '2022-07-23', 15, 5, 0, 9),
(3407, 7, 3, 4, 10, 3, 0, 0, 0, 0, 0, 6400, '2022-07-23', 16, 10, 0, 18),
(3408, 4, 1, 1, 0, 0, 0, 0, 0, 0, 0, 0, '2022-08-06', 12, 5, 0, 11),
(3409, 4, 0, 0, 1, 0, 0, 0, 0, 0, 0, 2000, '2022-08-06', 13, 4, 0, 9),
(3410, 7, 0, 3, 0, 0, 0, 0, 0, 0, 0, 2000, '2022-08-06', 14, 7, 0, 13),
(3411, 4, 0, 2, 2, 1, 0, 0, 0, 0, 0, 2000, '2022-08-06', 15, 4, 0, 9),
(3412, 6, 2, 3, 3, 0, 0, 0, 0, 0, 0, 6200, '2022-08-06', 16, 8, 0, 18),
(3413, 1, 0, 0, 0, 0, 0, 0, 0, 0, 0, 0, '2022-08-13', 12, 1, 0, 11),
(3414, 5, 0, 0, 1, 0, 0, 0, 0, 0, 0, 1300, '2022-08-13', 13, 5, 0, 9),
(3415, 3, 0, 1, 0, 0, 0, 0, 0, 0, 0, 3000, '2022-08-13', 14, 3, 0, 13),
(3416, 2, 2, 0, 1, 2, 1, 0, 0, 0, 0, 400, '2022-08-13', 15, 4, 0, 9),
(3417, 7, 1, 1, 2, 0, 0, 0, 0, 0, 0, 5100, '2022-08-13', 16, 8, 0, 18),
(3418, 6, 3, 1, 0, 0, 0, 0, 0, 0, 0, 2800, '2022-08-20', 12, 9, 0, 11),
(3419, 6, 0, 3, 1, 0, 0, 0, 0, 0, 0, 1500, '2022-08-20', 13, 6, 0, 9),
(3420, 4, 0, 0, 4, 2, 1, 2, 2, 1, 0, 2000, '2022-08-20', 14, 4, 0, 13),
(3421, 2, 0, 1, 2, 0, 1, 0, 0, 0, 1, 1500, '2022-08-20', 15, 2, 0, 9),
(3422, 9, 1, 4, 3, 2, 2, 0, 0, 0, 0, 8000, '2022-08-20', 16, 10, 0, 18),
(3423, 6, 0, 1, 0, 0, 0, 0, 0, 0, 0, 4000, '2022-08-27', 12, 6, 0, 11),
(3424, 1, 0, 1, 1, 1, 0, 0, 0, 0, 0, 0, '2022-08-27', 13, 1, 0, 9),
(3425, 8, 9, 2, 5, 0, 0, 0, 0, 0, 0, 3300, '2022-08-27', 14, 17, 0, 13),
(3426, 4, 1, 2, 0, 0, 0, 0, 0, 0, 0, 2100, '2022-08-27', 15, 5, 0, 9),
(3427, 5, 1, 3, 2, 2, 0, 0, 0, 0, 0, 8400, '2022-08-27', 16, 6, 0, 18),
(3428, 10, 0, 3, 0, 0, 0, 0, 0, 0, 0, 2900, '2022-09-10', 12, 10, 0, 11),
(3429, 6, 1, 0, 1, 0, 0, 0, 0, 0, 0, 2600, '2022-09-10', 13, 7, 0, 9),
(3430, 9, 2, 5, 4, 0, 0, 0, 0, 0, 0, 4600, '2022-09-10', 14, 11, 0, 13),
(3431, 3, 4, 1, 2, 0, 0, 0, 0, 0, 0, 1400, '2022-09-10', 15, 7, 0, 9),
(3432, 8, 8, 4, 2, 0, 0, 0, 0, 0, 0, 8500, '2022-09-10', 16, 16, 0, 18),
(3433, 4, 0, 0, 0, 0, 0, 0, 0, 0, 0, 0, '2022-09-17', 12, 4, 0, 11),
(3434, 5, 0, 1, 1, 0, 0, 0, 0, 0, 0, 0, '2022-09-17', 13, 5, 0, 9),
(3435, 7, 0, 3, 0, 0, 0, 0, 0, 0, 0, 0, '2022-09-17', 14, 7, 0, 13),
(3436, 7, 0, 1, 3, 1, 0, 0, 0, 0, 0, 0, '2022-09-17', 15, 7, 0, 9),
(3437, 5, 0, 0, 0, 0, 0, 0, 0, 0, 0, 0, '2022-09-17', 16, 5, 0, 18),
(3438, 10, 1, 4, 0, 0, 0, 0, 0, 0, 0, 2500, '2022-09-24', 12, 11, 0, 11),
(3439, 5, 0, 1, 1, 0, 0, 0, 0, 0, 0, 2300, '2022-09-24', 13, 5, 0, 9),
(3440, 11, 0, 4, 5, 0, 0, 0, 0, 0, 0, 2200, '2022-09-24', 14, 11, 0, 13),
(3441, 7, 0, 3, 4, 0, 0, 0, 0, 0, 0, 2200, '2022-09-24', 15, 7, 0, 9),
(3442, 8, 3, 3, 2, 4, 1, 0, 0, 0, 0, 8100, '2022-09-24', 16, 11, 0, 18),
(3443, 6, 0, 5, 0, 0, 0, 0, 0, 0, 0, 2300, '2022-10-01', 12, 6, 0, 11),
(3444, 9, 1, 3, 4, 1, 0, 0, 0, 0, 0, 3100, '2022-10-01', 13, 9, 0, 9),
(3445, 7, 0, 3, 0, 0, 0, 0, 0, 0, 0, 1500, '2022-10-01', 14, 7, 0, 13),
(3446, 5, 2, 2, 1, 0, 0, 0, 0, 0, 0, 4200, '2022-10-01', 15, 7, 0, 9),
(3447, 10, 3, 3, 1, 3, 0, 0, 0, 0, 0, 6100, '2022-10-01', 16, 13, 0, 18),
(3448, 7, 0, 4, 0, 0, 0, 0, 0, 0, 0, 3900, '2022-10-08', 12, 7, 0, 11),
(3449, 7, 0, 2, 2, 1, 0, 0, 0, 0, 0, 2000, '2022-10-08', 13, 7, 0, 9),
(3450, 3, 0, 2, 1, 0, 0, 0, 0, 0, 0, 800, '2022-10-08', 14, 3, 0, 13),
(3451, 5, 0, 2, 2, 2, 0, 0, 2, 0, 0, 2400, '2022-10-08', 15, 5, 0, 9),
(3452, 10, 4, 3, 4, 0, 0, 0, 0, 0, 0, 8300, '2022-10-08', 16, 14, 0, 18),
(3453, 6, 0, 4, 0, 0, 0, 0, 0, 0, 0, 3200, '2022-10-15', 12, 6, 0, 11),
(3454, 4, 1, 3, 0, 0, 0, 0, 0, 0, 0, 3000, '2022-10-15', 13, 5, 0, 9),
(3455, 10, 0, 7, 3, 0, 0, 0, 0, 0, 0, 2000, '2022-10-15', 14, 10, 0, 13),
(3456, 7, 1, 4, 0, 0, 0, 0, 4, 0, 0, 3400, '2022-10-15', 15, 8, 0, 9),
(3457, 6, 2, 3, 4, 0, 0, 0, 0, 0, 0, 5400, '2022-10-15', 16, 8, 0, 18),
(3458, 9, 1, 1, 0, 0, 0, 0, 0, 0, 0, 2100, '2022-10-29', 12, 10, 0, 11),
(3459, 8, 0, 3, 5, 1, 0, 0, 0, 0, 0, 3100, '2022-10-29', 13, 8, 0, 9),
(3460, 10, 0, 7, 4, 0, 0, 0, 0, 0, 0, 2800, '2022-10-29', 14, 10, 0, 13),
(3461, 7, 0, 4, 2, 5, 0, 0, 5, 0, 0, 3700, '2022-10-29', 15, 7, 0, 9),
(3462, 7, 2, 3, 8, 8, 0, 0, 0, 0, 0, 7200, '2022-10-29', 16, 9, 0, 18),
(3463, 9, 2, 3, 0, 0, 0, 0, 0, 0, 0, 3100, '2022-11-05', 12, 11, 0, 11),
(3464, 9, 0, 1, 3, 0, 0, 0, 0, 0, 0, 1500, '2022-11-05', 13, 9, 0, 9),
(3465, 8, 0, 6, 3, 0, 0, 0, 0, 0, 0, 1800, '2022-11-05', 14, 8, 0, 13),
(3466, 5, 0, 3, 3, 5, 0, 0, 5, 0, 0, 1500, '2022-11-05', 15, 5, 0, 9),
(3467, 13, 0, 3, 5, 0, 0, 0, 0, 0, 0, 6900, '2022-11-05', 16, 13, 0, 18),
(3468, 10, 7, 5, 0, 0, 0, 0, 0, 0, 0, 4100, '2022-11-12', 12, 17, 0, 11),
(3469, 9, 3, 0, 0, 0, 0, 0, 0, 0, 0, 1600, '2022-11-12', 13, 12, 0, 9),
(3470, 7, 0, 6, 4, 0, 0, 0, 7, 0, 0, 900, '2022-11-12', 14, 7, 0, 13),
(3471, 4, 0, 1, 4, 0, 0, 0, 8, 0, 0, 1000, '2022-11-12', 15, 4, 0, 9),
(3472, 7, 5, 2, 0, 4, 3, 0, 0, 0, 0, 7000, '2022-11-12', 16, 12, 0, 18),
(3473, 4, 2, 3, 0, 0, 0, 0, 0, 0, 0, 1300, '2022-11-26', 12, 6, 0, 11),
(3474, 4, 0, 0, 4, 0, 0, 0, 0, 0, 0, 100, '2022-11-26', 13, 4, 0, 9),
(3475, 9, 0, 2, 6, 0, 0, 0, 3, 0, 0, 1500, '2022-11-26', 14, 9, 0, 13),
(3476, 5, 1, 2, 0, 0, 0, 0, 0, 0, 0, 1800, '2022-11-26', 15, 6, 0, 9),
(3477, 7, 4, 3, 0, 3, 0, 0, 0, 0, 0, 4300, '2022-11-26', 16, 11, 0, 18),
(3478, 8, 3, 3, 0, 0, 0, 0, 0, 0, 0, 3800, '2022-12-03', 12, 11, 0, 11),
(3479, 7, 0, 0, 4, 0, 0, 0, 0, 0, 0, 1700, '2022-12-03', 13, 7, 0, 9),
(3480, 9, 0, 6, 7, 0, 0, 0, 4, 0, 0, 1800, '2022-12-03', 14, 9, 0, 13),
(3481, 3, 0, 1, 1, 1, 0, 0, 0, 0, 0, 1500, '2022-12-03', 15, 3, 0, 9),
(3482, 8, 1, 3, 5, 6, 0, 1, 0, 0, 0, 9200, '2022-12-03', 16, 9, 0, 18),
(3483, 8, 2, 4, 0, 0, 0, 0, 0, 0, 0, 4100, '2022-12-10', 12, 10, 0, 11),
(3484, 6, 0, 3, 0, 0, 0, 0, 0, 0, 0, 1800, '2022-12-10', 13, 6, 0, 9),
(3485, 12, 0, 5, 5, 0, 0, 0, 10, 8, 0, 2200, '2022-12-10', 14, 12, 0, 13),
(3486, 3, 0, 3, 1, 1, 0, 0, 0, 0, 0, 2500, '2022-12-10', 15, 3, 0, 9),
(3487, 6, 2, 3, 1, 3, 0, 0, 0, 0, 0, 5900, '2022-12-10', 16, 8, 0, 18),
(3488, 7, 2, 3, 0, 0, 0, 0, 0, 0, 0, 1500, '2022-12-17', 12, 9, 0, 11),
(3489, 4, 0, 3, 4, 0, 0, 0, 0, 0, 0, 1000, '2022-12-17', 13, 4, 0, 9),
(3490, 8, 0, 5, 3, 0, 0, 0, 0, 0, 0, 2000, '2022-12-17', 14, 8, 0, 13),
(3491, 5, 0, 2, 2, 0, 0, 0, 5, 0, 0, 2000, '2022-12-17', 15, 5, 0, 9),
(3492, 6, 0, 1, 3, 4, 0, 0, 0, 0, 0, 5600, '2022-12-17', 16, 6, 0, 18),
(3493, 6, 0, 0, 0, 0, 0, 0, 0, 0, 0, 0, '2022-12-31', 12, 6, 0, 11),
(3494, 9, 0, 2, 6, 0, 0, 0, 0, 0, 0, 1500, '2022-12-31', 13, 9, 0, 9),
(3495, 7, 0, 3, 2, 0, 0, 0, 0, 0, 0, 2100, '2022-12-31', 14, 7, 0, 13),
(3496, 4, 0, 1, 4, 2, 1, 0, 0, 0, 0, 1500, '2022-12-31', 15, 4, 0, 9),
(3497, 8, 0, 2, 7, 4, 0, 0, 0, 0, 0, 6300, '2022-12-31', 16, 8, 0, 18),
(3498, 5, 2, 4, 0, 0, 0, 0, 0, 0, 0, 1400, '2023-01-07', 12, 7, 0, 11),
(3499, 8, 0, 4, 4, 0, 0, 0, 0, 0, 0, 2000, '2023-01-07', 13, 8, 0, 9),
(3500, 12, 0, 7, 0, 0, 0, 0, 0, 0, 0, 3400, '2023-01-07', 14, 12, 0, 13),
(3501, 6, 0, 5, 4, 3, 0, 0, 0, 0, 0, 1500, '2023-01-07', 15, 6, 0, 9),
(3502, 9, 5, 6, 1, 2, 0, 0, 1, 0, 0, 8400, '2023-01-07', 16, 14, 0, 18),
(3503, 7, 0, 3, 0, 0, 0, 0, 0, 0, 0, 1700, '2023-01-14', 12, 7, 0, 11),
(3504, 8, 0, 1, 4, 0, 0, 0, 0, 0, 0, 2500, '2023-01-14', 13, 8, 0, 9),
(3505, 11, 0, 6, 8, 0, 0, 11, 0, 0, 0, 4100, '2023-01-14', 14, 11, 0, 13),
(3506, 6, 2, 6, 3, 0, 0, 0, 0, 0, 0, 3100, '2023-01-14', 15, 8, 0, 9),
(3507, 8, 2, 5, 0, 2, 0, 0, 0, 0, 0, 11600, '2023-01-14', 16, 10, 0, 18),
(3508, 8, 3, 3, 0, 0, 0, 0, 0, 0, 0, 1600, '2023-01-21', 12, 11, 0, 11),
(3509, 5, 0, 4, 3, 0, 0, 0, 0, 0, 0, 3400, '2023-01-21', 13, 5, 0, 9),
(3510, 8, 0, 6, 3, 0, 0, 8, 0, 0, 0, 1600, '2023-01-21', 14, 8, 0, 13),
(3511, 5, 1, 5, 3, 1, 0, 0, 0, 0, 0, 3100, '2023-01-21', 15, 6, 0, 9),
(3512, 11, 1, 4, 2, 2, 0, 0, 0, 0, 0, 10000, '2023-01-21', 16, 12, 0, 18),
(3513, 8, 0, 2, 0, 0, 0, 0, 0, 0, 0, 1800, '2023-01-28', 12, 8, 0, 11),
(3514, 6, 0, 0, 6, 0, 0, 0, 0, 0, 0, 1600, '2023-01-28', 13, 6, 0, 9),
(3515, 11, 0, 10, 5, 0, 0, 0, 0, 0, 0, 2100, '2023-01-28', 14, 11, 0, 13),
(3516, 7, 0, 6, 4, 0, 0, 0, 0, 0, 0, 3400, '2023-01-28', 15, 7, 0, 9),
(3517, 11, 3, 3, 5, 0, 0, 0, 0, 0, 0, 8800, '2023-01-28', 16, 14, 8, 18),
(3518, 8, 0, 3, 0, 0, 0, 0, 0, 0, 0, 3300, '2023-02-04', 12, 8, 0, 11),
(3519, 6, 3, 1, 4, 0, 0, 0, 0, 0, 0, 3100, '2023-02-04', 13, 9, 0, 9),
(3520, 8, 0, 7, 8, 0, 0, 0, 0, 0, 0, 2000, '2023-02-04', 14, 8, 0, 13),
(3521, 6, 0, 4, 2, 0, 0, 0, 0, 0, 0, 4400, '2023-02-04', 15, 6, 1, 9),
(3522, 7, 1, 2, 1, 2, 1, 0, 0, 0, 0, 10000, '2023-02-04', 16, 8, 10, 18),
(3523, 3, 0, 3, 2, 0, 0, 0, 0, 0, 0, 900, '2023-02-11', 12, 3, 0, 11),
(3524, 8, 3, 2, 5, 0, 0, 0, 0, 0, 0, 3900, '2023-02-11', 13, 11, 0, 9),
(3525, 8, 0, 7, 5, 0, 2, 0, 0, 0, 0, 3600, '2023-02-11', 14, 8, 1, 13),
(3526, 8, 1, 4, 4, 0, 1, 0, 0, 0, 0, 2700, '2023-02-11', 15, 8, 1, 9),
(3527, 9, 4, 4, 1, 2, 0, 0, 0, 0, 0, 11600, '2023-02-11', 16, 13, 0, 18),
(3528, 6, 1, 3, 0, 0, 0, 0, 0, 0, 0, 4300, '2023-02-25', 12, 7, 0, 11),
(3529, 6, 0, 0, 4, 0, 0, 0, 0, 0, 0, 1900, '2023-02-25', 13, 6, 0, 9),
(3530, 9, 0, 7, 12, 0, 0, 0, 0, 0, 0, 3100, '2023-02-25', 14, 9, 1, 13),
(3531, 6, 0, 3, 5, 0, 0, 0, 0, 0, 0, 2300, '2023-02-25', 15, 6, 1, 9),
(3532, 9, 1, 4, 7, 2, 0, 0, 0, 0, 0, 11500, '2023-02-25', 16, 10, 0, 18),
(3533, 9, 1, 4, 0, 0, 0, 0, 0, 0, 0, 4200, '2023-03-04', 12, 10, 0, 11),
(3534, 7, 0, 0, 2, 0, 0, 0, 0, 0, 0, 2000, '2023-03-04', 13, 7, 0, 9),
(3535, 12, 0, 9, 9, 0, 0, 0, 0, 0, 0, 3000, '2023-03-04', 14, 12, 0, 13),
(3536, 4, 0, 4, 3, 0, 0, 0, 0, 0, 0, 3500, '2023-03-04', 15, 4, 0, 9),
(3537, 8, 1, 2, 4, 4, 0, 0, 0, 0, 0, 5300, '2023-03-04', 16, 9, 0, 18),
(3538, 8, 1, 3, 0, 0, 0, 0, 0, 0, 0, 3700, '2023-03-25', 12, 9, 0, 11),
(3539, 10, 0, 1, 4, 0, 0, 0, 0, 0, 0, 1500, '2023-03-25', 13, 10, 0, 9),
(3540, 10, 0, 6, 20, 1, 0, 0, 0, 0, 0, 3300, '2023-03-25', 14, 10, 0, 13),
(3541, 6, 1, 4, 1, 0, 0, 0, 0, 0, 0, 12900, '2023-03-25', 15, 7, 1, 9),
(3542, 8, 0, 4, 4, 0, 0, 0, 0, 0, 0, 6800, '2023-03-25', 16, 8, 5, 18),
(3543, 10, 0, 3, 0, 0, 0, 0, 0, 0, 0, 2300, '2023-04-01', 12, 10, 0, 11),
(3544, 8, 1, 3, 6, 0, 0, 0, 0, 0, 0, 1800, '2023-04-01', 13, 9, 0, 9),
(3545, 9, 0, 9, 15, 0, 0, 0, 0, 0, 0, 2600, '2023-04-01', 14, 9, 0, 13),
(3546, 5, 1, 4, 2, 0, 0, 0, 0, 0, 0, 13700, '2023-04-01', 15, 6, 3, 9),
(3547, 15, 1, 7, 3, 0, 0, 0, 2, 0, 0, 9200, '2023-04-01', 16, 16, 8, 18),
(3548, 7, 2, 2, 0, 0, 0, 0, 0, 0, 0, 1700, '2023-04-08', 12, 9, 0, 11),
(3549, 9, 1, 5, 0, 0, 0, 0, 0, 0, 0, 1900, '2023-04-08', 13, 10, 3, 9),
(3550, 7, 0, 4, 10, 0, 0, 0, 0, 0, 0, 3200, '2023-04-08', 14, 7, 0, 13),
(3551, 4, 7, 3, 1, 0, 0, 0, 0, 0, 0, 13100, '2023-04-08', 15, 11, 0, 9),
(3552, 6, 7, 3, 4, 5, 10, 0, 0, 0, 0, 11400, '2023-04-08', 16, 13, 0, 18),
(3553, 2, 0, 0, 0, 0, 0, 0, 0, 0, 0, 2000, '2023-04-15', 12, 2, 0, 11),
(3554, 1, 0, 1, 0, 0, 0, 0, 0, 0, 0, 200, '2023-04-15', 13, 1, 0, 9),
(3555, 5, 2, 4, 3, 0, 0, 0, 0, 0, 0, 1700, '2023-04-15', 14, 7, 0, 13),
(3556, 3, 1, 1, 1, 0, 0, 0, 0, 0, 0, 10700, '2023-04-15', 15, 4, 1, 9),
(3557, 5, 6, 3, 7, 0, 0, 0, 0, 0, 0, 6200, '2023-04-15', 16, 11, 6, 18),
(3558, 7, 2, 2, 0, 0, 0, 0, 0, 0, 0, 1900, '2023-04-29', 12, 9, 0, 11),
(3559, 8, 0, 2, 3, 0, 0, 0, 0, 0, 0, 2400, '2023-04-29', 13, 8, 0, 9),
(3560, 8, 1, 3, 8, 0, 0, 1, 0, 0, 0, 1800, '2023-04-29', 14, 9, 0, 13),
(3561, 5, 0, 5, 2, 0, 0, 0, 0, 0, 0, 11500, '2023-04-29', 15, 5, 0, 9),
(3562, 7, 4, 3, 2, 0, 0, 0, 0, 0, 0, 7000, '2023-04-29', 16, 11, 4, 18),
(3563, 12, 2, 8, 0, 0, 0, 0, 0, 0, 0, 2800, '2023-11-04', 12, 14, 0, 15),
(3564, 6, 1, 2, 3, 0, 0, 0, 0, 0, 0, 1700, '2023-11-04', 13, 7, 0, 10),
(3565, 6, 0, 4, 6, 0, 0, 0, 0, 0, 0, 2700, '2023-11-04', 14, 6, 1, 13),
(3566, 4, 5, 1, 4, 0, 0, 0, 0, 0, 0, 7100, '2023-11-04', 15, 9, 0, 10),
(3567, 8, 1, 3, 2, 1, 0, 0, 0, 0, 0, 9600, '2023-11-04', 16, 9, 4, 18),
(3568, 7, 5, 5, 4, 0, 0, 0, 0, 0, 0, 2600, '2023-11-11', 12, 12, 0, 15),
(3569, 6, 0, 0, 4, 0, 0, 0, 0, 0, 0, 3300, '2023-11-11', 13, 6, 0, 10),
(3570, 7, 0, 3, 8, 0, 0, 0, 0, 0, 0, 2200, '2023-11-11', 14, 7, 2, 13),
(3571, 4, 4, 0, 4, 0, 0, 0, 0, 0, 0, 4700, '2023-11-11', 15, 8, 0, 11),
(3572, 7, 2, 4, 2, 0, 0, 0, 0, 0, 0, 2900, '2023-11-11', 16, 9, 4, 18),
(3574, 6, 1, 3, 3, 0, 0, 0, 0, 0, 0, 2700, '2023-11-25', 13, 7, 0, 10),
(3575, 11, 7, 5, 0, 0, 0, 0, 0, 0, 0, 3500, '2023-11-25', 12, 18, 0, 15),
(3576, 6, 0, 4, 7, 1, 0, 0, 1, 0, 0, 1600, '2023-11-25', 14, 6, 3, 13),
(3577, 6, 8, 0, 0, 0, 0, 0, 0, 0, 0, 6900, '2023-11-25', 15, 14, 1, 11),
(3578, 13, 4, 10, 0, 0, 0, 0, 0, 0, 0, 26100, '2023-11-25', 16, 17, 3, 18),
(3579, 9, 2, 7, 4, 0, 0, 0, 0, 0, 0, 3100, '2023-12-02', 12, 11, 0, 15),
(3580, 6, 1, 3, 5, 0, 0, 0, 0, 0, 0, 2400, '2023-12-02', 13, 7, 0, 10),
(3581, 9, 0, 4, 12, 0, 0, 0, 0, 0, 0, 2800, '2023-12-02', 14, 9, 0, 13),
(3582, 12, 1, 4, 5, 0, 0, 0, 0, 0, 0, 9600, '2023-12-02', 15, 13, 1, 12),
(3583, 13, 4, 5, 5, 2, 4, 0, 0, 0, 0, 46700, '2023-12-02', 16, 17, 10, 18),
(3584, 6, 2, 2, 3, 0, 0, 0, 0, 0, 0, 2300, '2023-12-09', 12, 8, 0, 15),
(3585, 7, 1, 1, 5, 0, 0, 0, 0, 0, 0, 2000, '2023-12-09', 13, 8, 0, 10),
(3586, 9, 0, 4, 14, 0, 0, 0, 0, 0, 0, 2200, '2023-12-09', 14, 9, 1, 13),
(3587, 7, 2, 6, 2, 0, 0, 0, 0, 0, 0, 10800, '2023-12-09', 15, 9, 0, 12),
(3588, 9, 4, 5, 8, 6, 0, 0, 0, 0, 0, 9000, '2023-12-09', 16, 13, 4, 18),
(3589, 10, 3, 4, 0, 0, 0, 0, 0, 0, 0, 3200, '2023-12-16', 12, 13, 0, 15),
(3590, 8, 1, 1, 6, 0, 0, 0, 0, 0, 0, 2100, '2023-12-16', 13, 9, 0, 10),
(3591, 6, 4, 3, 11, 0, 0, 0, 0, 0, 0, 3300, '2023-12-16', 14, 10, 1, 13),
(3592, 8, 1, 4, 3, 0, 0, 0, 0, 0, 0, 10700, '2023-12-16', 15, 9, 2, 12),
(3593, 7, 1, 5, 6, 6, 0, 0, 0, 0, 0, 46900, '2023-12-16', 16, 8, 10, 18),
(3594, 10, 2, 2, 0, 0, 0, 0, 0, 0, 0, 4000, '2023-12-23', 12, 12, 0, 15),
(3595, 3, 0, 1, 3, 0, 0, 0, 0, 0, 0, 1500, '2023-12-23', 13, 3, 0, 10),
(3596, 6, 0, 3, 5, 1, 0, 0, 0, 0, 0, 2000, '2023-12-23', 14, 6, 1, 13),
(3597, 8, 2, 5, 3, 0, 0, 0, 0, 0, 0, 9700, '2023-12-23', 15, 10, 3, 12),
(3598, 6, 4, 3, 4, 0, 0, 0, 0, 0, 0, 24700, '2023-12-23', 16, 10, 3, 18),
(3599, 10, 3, 2, 0, 0, 0, 0, 0, 0, 0, 2800, '2024-01-06', 12, 13, 0, 15),
(3600, 6, 1, 3, 0, 0, 0, 0, 0, 0, 0, 0, '2024-01-06', 13, 7, 0, 10),
(3601, 7, 0, 4, 7, 0, 0, 0, 0, 0, 0, 0, '2024-01-06', 14, 7, 0, 13),
(3602, 6, 0, 1, 0, 0, 0, 0, 0, 0, 0, 5200, '2024-01-06', 15, 6, 0, 12),
(3603, 6, 5, 6, 5, 2, 1, 0, 0, 0, 0, 38600, '2024-01-06', 16, 11, 2, 18),
(3605, 7, 4, 4, 0, 0, 0, 0, 0, 0, 0, 1500, '2024-01-13', 12, 11, 0, 15),
(3606, 11, 1, 3, 5, 0, 0, 0, 0, 0, 0, 2200, '2024-01-13', 13, 12, 0, 12),
(3607, 7, 0, 4, 2, 0, 0, 0, 1, 0, 0, 2500, '2024-01-13', 14, 7, 2, 13),
(3608, 8, 0, 3, 6, 0, 0, 0, 0, 0, 0, 5200, '2024-01-13', 15, 8, 5, 12),
(3609, 10, 4, 7, 4, 1, 0, 0, 0, 0, 0, 8900, '2024-01-13', 16, 14, 1, 18),
(3610, 10, 5, 2, 5, 5, 5, 5, 5, 5, 5, 1000, '2024-01-20', 12, 15, 5, 15),
(3611, 12, 9, 3, 0, 0, 0, 0, 0, 0, 0, 1500, '2024-01-27', 12, 21, 3, 15),
(3612, 8, 2, 3, 4, 0, 0, 0, 0, 0, 0, 2000, '2024-01-27', 13, 10, 0, 12),
(3613, 9, 0, 8, 11, 0, 0, 0, 1, 0, 0, 3200, '2024-01-27', 14, 9, 0, 13),
(3614, 4, 1, 1, 4, 0, 0, 0, 0, 0, 0, 2200, '2024-01-27', 15, 5, 0, 12),
(3615, 10, 5, 7, 7, 0, 2, 0, 0, 0, 0, 77000, '2024-01-27', 16, 15, 9, 18),
(3616, 8, 4, 3, 0, 0, 0, 0, 0, 0, 1500, 1500, '2024-02-03', 12, 12, 4, 15),
(3617, 6, 0, 2, 5, 0, 0, 0, 0, 0, 0, 2500, '2024-02-03', 13, 6, 0, 12),
(3618, 7, 0, 6, 12, 0, 0, 0, 0, 1, 0, 2000, '2024-02-03', 14, 7, 1, 13),
(3619, 7, 2, 7, 5, 0, 0, 0, 0, 0, 0, 5800, '2024-02-03', 15, 9, 7, 12),
(3620, 6, 0, 2, 5, 2, 5, 0, 0, 0, 0, 3600, '2024-02-03', 16, 6, 2, 18),
(3621, 9, 3, 4, 0, 0, 0, 0, 0, 0, 0, 1500, '2024-02-10', 12, 12, 3, 15),
(3622, 7, 0, 5, 4, 0, 0, 0, 0, 0, 0, 2200, '2024-02-10', 13, 7, 0, 12),
(3623, 9, 0, 6, 10, 1, 0, 0, 0, 0, 0, 3700, '2024-02-10', 14, 9, 2, 13),
(3624, 5, 1, 3, 5, 0, 0, 0, 0, 0, 0, 600, '2024-02-10', 15, 6, 0, 12),
(3625, 8, 1, 5, 5, 2, 0, 0, 2, 0, 3, 10000, '2024-02-10', 16, 9, 0, 18),
(3626, 9, 11, 3, 0, 0, 0, 0, 0, 0, 0, 1500, '2024-02-17', 12, 20, 0, 15),
(3627, 7, 0, 2, 0, 0, 0, 0, 0, 0, 0, 2000, '2024-02-17', 13, 7, 0, 12),
(3628, 6, 0, 3, 14, 0, 0, 0, 0, 0, 0, 1300, '2024-02-17', 14, 6, 0, 13),
(3629, 4, 0, 0, 5, 0, 0, 0, 0, 0, 0, 2400, '2024-02-17', 15, 4, 0, 12),
(3630, 12, 1, 5, 7, 1, 0, 0, 3, 0, 0, 2400, '2024-02-17', 16, 13, 0, 15),
(3631, 9, 6, 5, 4, 0, 0, 0, 0, 0, 0, 1500, '2024-02-24', 12, 15, 4, 15),
(3632, 8, 0, 2, 3, 0, 0, 0, 0, 0, 0, 1300, '2024-02-24', 13, 8, 0, 12),
(3633, 8, 1, 2, 19, 1, 0, 0, 0, 0, 0, 3700, '2024-02-24', 14, 9, 2, 13),
(3634, 6, 1, 4, 3, 0, 0, 0, 0, 0, 0, 4800, '2024-02-24', 15, 7, 0, 12),
(3635, 10, 2, 4, 3, 1, 1, 0, 0, 0, 0, 2500, '2024-02-24', 16, 12, 0, 15),
(3636, 8, 4, 3, 3, 0, 0, 0, 0, 0, 0, 1500, '2024-03-02', 12, 12, 1, 15),
(3637, 7, 0, 2, 3, 0, 0, 0, 0, 0, 0, 2700, '2024-03-02', 13, 7, 0, 12),
(3638, 7, 0, 4, 14, 0, 0, 0, 0, 0, 0, 1900, '2024-03-02', 14, 7, 1, 13),
(3639, 4, 1, 3, 5, 0, 0, 0, 0, 0, 0, 3600, '2024-03-02', 15, 5, 0, 12),
(3640, 5, 0, 3, 4, 0, 0, 0, 2, 0, 0, 5000, '2024-03-02', 16, 5, 2, 15),
(3641, 10, 5, 1, 0, 0, 0, 0, 0, 0, 0, 1500, '2024-03-09', 12, 15, 0, 15),
(3642, 8, 0, 2, 4, 0, 0, 0, 0, 0, 0, 2600, '2024-03-09', 13, 8, 0, 12),
(3643, 4, 1, 1, 10, 2, 0, 0, 1, 0, 0, 2500, '2024-03-09', 15, 5, 2, 12),
(3644, 7, 4, 4, 3, 0, 0, 0, 0, 0, 0, 10000, '2024-03-09', 16, 11, 5, 15),
(3645, 9, 3, 2, 0, 0, 0, 0, 0, 0, 0, 1500, '2024-03-23', 12, 12, 0, 15),
(3646, 8, 0, 3, 4, 0, 0, 0, 0, 0, 0, 2400, '2024-03-23', 13, 8, 0, 12),
(3647, 8, 1, 3, 17, 1, 0, 0, 0, 0, 0, 2700, '2024-03-23', 14, 9, 1, 13),
(3648, 4, 1, 0, 8, 4, 4, 0, 4, 4, 0, 2900, '2024-03-23', 15, 5, 6, 12),
(3649, 8, 1, 5, 5, 4, 0, 0, 0, 0, 0, 6800, '2024-03-23', 16, 9, 2, 15),
(3650, 12, 4, 3, 0, 0, 0, 0, 0, 0, 0, 1500, '2024-03-30', 12, 16, 0, 15),
(3651, 6, 0, 2, 0, 0, 0, 0, 0, 0, 0, 2100, '2024-03-30', 13, 6, 0, 12),
(3652, 10, 0, 5, 21, 1, 0, 0, 0, 0, 0, 3000, '2024-03-30', 14, 10, 3, 13),
(3653, 5, 1, 2, 2, 0, 0, 0, 0, 0, 0, 3200, '2024-03-30', 15, 6, 0, 12),
(3654, 7, 1, 5, 2, 4, 0, 0, 0, 0, 0, 10000, '2024-03-30', 16, 8, 1, 15),
(3655, 6, 5, 1, 0, 0, 0, 0, 0, 0, 0, 1500, '2024-04-06', 12, 11, 0, 15),
(3656, 4, 0, 3, 4, 0, 0, 0, 0, 0, 0, 0, '2024-04-06', 13, 4, 0, 12),
(3657, 7, 0, 5, 6, 0, 0, 0, 0, 0, 0, 3000, '2024-04-06', 14, 7, 0, 13),
(3658, 6, 0, 5, 8, 0, 0, 0, 0, 0, 0, 2800, '2024-04-06', 15, 6, 0, 12),
(3659, 8, 1, 5, 5, 2, 0, 0, 0, 0, 0, 4000, '2024-04-06', 16, 9, 1, 15);

-- --------------------------------------------------------

--
-- Structure de la table `relation_km`
--

DROP TABLE IF EXISTS `relation_km`;
CREATE TABLE IF NOT EXISTS `relation_km` (
  `id` int NOT NULL AUTO_INCREMENT,
  `is_mpanentana` tinyint(1) DEFAULT NULL,
  `is_mpampianatra` tinyint(1) DEFAULT NULL,
  `kilasy_id` int DEFAULT NULL,
  `mambra_id` int DEFAULT NULL,
  `is_mambra_tsotra` tinyint(1) DEFAULT NULL,
  `is_current` tinyint(1) DEFAULT NULL,
  PRIMARY KEY (`id`),
  KEY `IDX_79BC4B7D49602302` (`kilasy_id`),
  KEY `IDX_79BC4B7D61B16EE7` (`mambra_id`)
) ENGINE=InnoDB AUTO_INCREMENT=192 DEFAULT CHARSET=utf8mb4 COLLATE=utf8mb4_unicode_ci;

--
-- Déchargement des données de la table `relation_km`
--

INSERT INTO `relation_km` (`id`, `is_mpanentana`, `is_mpampianatra`, `kilasy_id`, `mambra_id`, `is_mambra_tsotra`, `is_current`) VALUES
(98, 0, 0, 12, 33, 0, 0),
(100, 0, 0, 12, 91, 1, 1),
(101, 0, 0, 13, 33, 0, 0),
(102, 0, 0, 14, 37, 0, 0),
(103, NULL, NULL, 14, 78, 1, 1),
(104, 1, 0, 14, 74, 0, 1),
(105, NULL, NULL, 14, 75, 1, 1),
(106, 0, 0, 14, 79, 1, 1),
(107, NULL, NULL, 14, 69, 1, 1),
(108, NULL, NULL, 14, 77, 1, 1),
(110, 0, 0, 14, 33, 0, 0),
(111, 0, 0, 13, 33, 0, 0),
(112, 0, 0, 14, 33, 0, 0),
(113, 0, 0, 15, 37, 1, 1),
(114, NULL, NULL, 15, 59, 1, 1),
(115, NULL, NULL, 15, 64, 1, 1),
(116, NULL, NULL, 15, 65, 1, 1),
(117, NULL, NULL, 15, 90, 1, 1),
(118, NULL, NULL, 15, 66, 1, 1),
(119, NULL, NULL, 15, 63, 1, 1),
(121, NULL, NULL, 15, 39, 1, 1),
(127, NULL, NULL, 12, 104, 1, 1),
(128, NULL, NULL, 12, 110, 1, 1),
(129, NULL, NULL, 12, 113, 1, 1),
(130, NULL, NULL, 12, 114, 1, 1),
(131, NULL, NULL, 12, 102, 1, 1),
(133, NULL, NULL, 12, 87, 1, 1),
(134, NULL, NULL, 13, 33, 1, 1),
(135, NULL, NULL, 14, 71, 1, 1),
(136, NULL, NULL, 14, 72, 1, 1),
(137, NULL, NULL, 14, 92, 1, 1),
(138, NULL, NULL, 14, 94, 1, 1),
(139, 0, 0, 13, 70, 0, 0),
(142, NULL, NULL, 14, 70, 1, 1),
(144, NULL, NULL, 14, 73, 1, 1),
(145, NULL, NULL, 14, 35, 1, 1),
(149, NULL, NULL, 12, 107, 1, 1),
(150, NULL, NULL, 12, 109, 1, 1),
(151, NULL, NULL, 12, 112, 1, 1),
(153, NULL, NULL, 12, 111, 1, 1),
(155, NULL, NULL, 13, 116, 1, 1),
(159, NULL, NULL, 13, 117, 1, 1),
(160, NULL, NULL, 13, 84, 1, 1),
(161, NULL, NULL, 13, 118, 1, 1),
(162, NULL, NULL, 13, 115, 1, 1),
(163, NULL, NULL, 13, 120, 1, 1),
(164, NULL, NULL, 13, 119, 1, 1),
(165, NULL, NULL, 13, 99, 1, 1),
(166, NULL, NULL, 16, 34, 1, 1),
(168, NULL, NULL, 16, 48, 1, 1),
(169, NULL, NULL, 16, 105, 1, 1),
(170, NULL, NULL, 16, 57, 1, 1),
(171, NULL, NULL, 16, 83, 1, 1),
(172, NULL, NULL, 16, 41, 1, 1),
(173, NULL, NULL, 16, 42, 1, 1),
(174, NULL, NULL, 16, 44, 1, 1),
(175, NULL, NULL, 16, 45, 1, 1),
(176, NULL, NULL, 16, 47, 1, 1),
(177, NULL, NULL, 16, 49, 1, 1),
(178, NULL, NULL, 16, 51, 1, 1),
(179, NULL, NULL, 16, 56, 1, 1),
(180, NULL, NULL, 16, 93, 1, 1),
(181, NULL, NULL, 16, 95, 1, 1),
(182, NULL, NULL, 16, 61, 1, 1),
(183, NULL, NULL, 16, 122, 1, 1),
(184, NULL, NULL, 13, 123, 1, 1),
(188, NULL, 1, 15, 144, NULL, 1),
(189, NULL, NULL, 15, 30, 1, 1),
(190, NULL, NULL, 16, 32, 1, 1),
(191, NULL, NULL, 15, 145, 1, 1);

-- --------------------------------------------------------

--
-- Structure de la table `theme_hira`
--

DROP TABLE IF EXISTS `theme_hira`;
CREATE TABLE IF NOT EXISTS `theme_hira` (
  `id` int NOT NULL AUTO_INCREMENT,
  `nom` varchar(255) COLLATE utf8mb4_unicode_ci NOT NULL,
  PRIMARY KEY (`id`)
) ENGINE=InnoDB AUTO_INCREMENT=4 DEFAULT CHARSET=utf8mb4 COLLATE=utf8mb4_unicode_ci;

--
-- Déchargement des données de la table `theme_hira`
--

INSERT INTO `theme_hira` (`id`, `nom`) VALUES
(1, 'Vavaka'),
(2, 'Andriamanitra'),
(3, 'Jesosy');

-- --------------------------------------------------------

--
-- Structure de la table `user`
--

DROP TABLE IF EXISTS `user`;
CREATE TABLE IF NOT EXISTS `user` (
  `id` int NOT NULL AUTO_INCREMENT,
  `email` varchar(180) COLLATE utf8mb4_unicode_ci NOT NULL,
  `roles` longtext COLLATE utf8mb4_unicode_ci NOT NULL COMMENT '(DC2Type:json)',
  `password` varchar(255) COLLATE utf8mb4_unicode_ci NOT NULL,
  `nom` varchar(255) COLLATE utf8mb4_unicode_ci NOT NULL,
  `prenom` varchar(255) COLLATE utf8mb4_unicode_ci DEFAULT NULL,
  `created_at` datetime NOT NULL,
  PRIMARY KEY (`id`),
  UNIQUE KEY `UNIQ_8D93D649E7927C74` (`email`)
) ENGINE=InnoDB AUTO_INCREMENT=2 DEFAULT CHARSET=utf8mb4 COLLATE=utf8mb4_unicode_ci;

--
-- Déchargement des données de la table `user`
--

INSERT INTO `user` (`id`, `email`, `roles`, `password`, `nom`, `prenom`, `created_at`) VALUES
(1, 'rakotoarinelinarija@gmail.com', '[\"ROLE_SUPER_ADMIN\"]', '$2y$13$kPNSCdlTRLY8GCT46vrW2ury9wPDAhcYVpbzYgF5yrE6DET/NpkFi', 'rija', 'benjamina', '2022-08-28 09:09:54');

-- --------------------------------------------------------

--
-- Structure de la table `verification_mois`
--

DROP TABLE IF EXISTS `verification_mois`;
CREATE TABLE IF NOT EXISTS `verification_mois` (
  `id` int NOT NULL AUTO_INCREMENT,
  `mois` varchar(255) COLLATE utf8mb4_unicode_ci DEFAULT NULL,
  `rempli` tinyint(1) DEFAULT NULL,
  PRIMARY KEY (`id`)
) ENGINE=InnoDB AUTO_INCREMENT=7 DEFAULT CHARSET=utf8mb4 COLLATE=utf8mb4_unicode_ci;

--
-- Déchargement des données de la table `verification_mois`
--

INSERT INTO `verification_mois` (`id`, `mois`, `rempli`) VALUES
(6, 'Janvier_2022', 1);

--
-- Contraintes pour les tables déchargées
--

--
-- Contraintes pour la table `fianarana_lesona`
--
ALTER TABLE `fianarana_lesona`
  ADD CONSTRAINT `FK_F42F21C95678EFCA` FOREIGN KEY (`registre_id`) REFERENCES `registre` (`id`),
  ADD CONSTRAINT `FK_F42F21C961B16EE7` FOREIGN KEY (`mambra_id`) REFERENCES `mambra` (`id`);

--
-- Contraintes pour la table `hira_choral`
--
ALTER TABLE `hira_choral`
  ADD CONSTRAINT `FK_901B568559027487` FOREIGN KEY (`theme_id`) REFERENCES `theme_hira` (`id`);

--
-- Contraintes pour la table `historique_hira_choral_hira_choral`
--
ALTER TABLE `historique_hira_choral_hira_choral`
  ADD CONSTRAINT `FK_293EFC2348C3BDF` FOREIGN KEY (`historique_hira_choral_id`) REFERENCES `historique_hira_choral` (`id`) ON DELETE CASCADE,
  ADD CONSTRAINT `FK_293EFC23E73B2FF5` FOREIGN KEY (`hira_choral_id`) REFERENCES `hira_choral` (`id`) ON DELETE CASCADE;

--
-- Contraintes pour la table `kilasy`
--
ALTER TABLE `kilasy`
  ADD CONSTRAINT `FK_52FD41071D31AF05` FOREIGN KEY (`kilasy_lasitra_id`) REFERENCES `kilasy_lasitra` (`id`);

--
-- Contraintes pour la table `mambra`
--
ALTER TABLE `mambra`
  ADD CONSTRAINT `FK_45999F097A77B84` FOREIGN KEY (`famille_id`) REFERENCES `famille` (`id`);

--
-- Contraintes pour la table `mpitondra_raharaha`
--
ALTER TABLE `mpitondra_raharaha`
  ADD CONSTRAINT `FK_D3AEF19961B16EE7` FOREIGN KEY (`mambra_id`) REFERENCES `mambra` (`id`),
  ADD CONSTRAINT `FK_D3AEF199ED17E065` FOREIGN KEY (`andraikitra_id`) REFERENCES `raharaha` (`id`);

--
-- Contraintes pour la table `registre`
--
ALTER TABLE `registre`
  ADD CONSTRAINT `FK_D9A9414549602302` FOREIGN KEY (`kilasy_id`) REFERENCES `kilasy` (`id`);

--
-- Contraintes pour la table `relation_km`
--
ALTER TABLE `relation_km`
  ADD CONSTRAINT `FK_79BC4B7D49602302` FOREIGN KEY (`kilasy_id`) REFERENCES `kilasy` (`id`),
  ADD CONSTRAINT `FK_79BC4B7D61B16EE7` FOREIGN KEY (`mambra_id`) REFERENCES `mambra` (`id`);
COMMIT;

/*!40101 SET CHARACTER_SET_CLIENT=@OLD_CHARACTER_SET_CLIENT */;
/*!40101 SET CHARACTER_SET_RESULTS=@OLD_CHARACTER_SET_RESULTS */;
/*!40101 SET COLLATION_CONNECTION=@OLD_COLLATION_CONNECTION */;
